-- ============================================
-- Seed data for OilRisk-Alert
-- Generated from Final_Oil_Dataset_Cleaned.csv
-- ============================================

-- Clear existing data
TRUNCATE TABLE alert;
TRUNCATE TABLE risk_factor;
TRUNCATE TABLE risk_index;

-- risk_index data
INSERT INTO risk_index (date, risk_index, risk_level, oil_price) VALUES
('2015-01-01', 34.23, 'Low', 50.30),
('2015-02-01', 31.94, 'Low', 58.95),
('2015-03-01', 32.23, 'Low', 57.02),
('2015-04-01', 31.44, 'Low', 60.73),
('2015-05-01', 17.56, 'Low', 65.71),
('2015-06-01', 15.69, 'Low', 63.65),
('2015-07-01', 23.86, 'Low', 57.00),
('2015-08-01', 33.70, 'Low', 48.49),
('2015-09-01', 43.35, 'Medium', 48.52),
('2015-10-01', 31.64, 'Low', 49.43),
('2015-11-01', 39.09, 'Medium', 45.84),
('2015-12-01', 37.10, 'Medium', 38.88),
('2016-01-01', 40.78, 'Medium', 32.55),
('2016-02-01', 33.52, 'Low', 33.63),
('2016-03-01', 19.78, 'Low', 39.91),
('2016-04-01', 10.57, 'Low', 43.20),
('2016-05-01', 18.39, 'Low', 47.70),
('2016-06-01', 25.92, 'Low', 49.80),
('2016-07-01', 16.22, 'Low', 46.55),
('2016-08-01', 13.77, 'Low', 47.38),
('2016-09-01', 17.94, 'Low', 47.08),
('2016-10-01', 13.33, 'Low', 51.23),
('2016-11-01', 13.02, 'Low', 46.82),
('2016-12-01', 14.65, 'Low', 54.95),
('2017-01-01', 14.91, 'Low', 55.65),
('2017-02-01', 13.25, 'Low', 56.09),
('2017-03-01', 16.24, 'Low', 52.52),
('2017-04-01', 26.15, 'Low', 53.79),
('2017-05-01', 18.14, 'Low', 51.40),
('2017-06-01', 20.84, 'Low', 47.72),
('2017-07-01', 16.69, 'Low', 49.27),
('2017-08-01', 30.28, 'Low', 51.85),
('2017-09-01', 29.52, 'Low', 55.11),
('2017-10-01', 26.42, 'Low', 57.62),
('2017-11-01', 22.37, 'Low', 62.91),
('2017-12-01', 10.68, 'Low', 64.26),
('2018-01-01', 15.94, 'Low', 69.03),
('2018-02-01', 34.77, 'Low', 65.77),
('2018-03-01', 35.94, 'Medium', 66.93),
('2018-04-01', 45.35, 'Medium', 71.80),
('2018-05-01', 35.36, 'Medium', 76.94),
('2018-06-01', 24.81, 'Low', 75.96),
('2018-07-01', 26.88, 'Low', 75.10),
('2018-08-01', 27.78, 'Low', 73.73),
('2018-09-01', 22.53, 'Low', 79.00),
('2018-10-01', 44.93, 'Medium', 80.60),
('2018-11-01', 45.78, 'Medium', 66.27),
('2018-12-01', 52.65, 'Medium', 57.33),
('2019-01-01', 37.58, 'Medium', 60.09),
('2019-02-01', 34.67, 'Low', 64.47);

INSERT INTO risk_index (date, risk_index, risk_level, oil_price) VALUES
('2019-03-01', 28.71, 'Low', 66.91),
('2019-04-01', 28.61, 'Low', 71.61),
('2019-05-01', 41.73, 'Medium', 70.38),
('2019-06-01', 37.82, 'Medium', 63.46),
('2019-07-01', 22.10, 'Low', 64.22),
('2019-08-01', 31.79, 'Low', 59.56),
('2019-09-01', 30.98, 'Low', 62.15),
('2019-10-01', 31.01, 'Low', 59.75),
('2019-11-01', 22.22, 'Low', 62.70),
('2019-12-01', 20.34, 'Low', 65.36),
('2020-01-01', 37.91, 'Medium', 64.03),
('2020-02-01', 55.17, 'Medium', 55.76),
('2020-03-01', 63.26, 'Medium', 34.02),
('2020-04-01', 65.91, 'High', 27.37),
('2020-05-01', 68.65, 'High', 32.30),
('2020-06-01', 60.45, 'Medium', 40.85),
('2020-07-01', 63.36, 'Medium', 43.20),
('2020-08-01', 62.93, 'Medium', 44.81),
('2020-09-01', 61.47, 'Medium', 41.88),
('2020-10-01', 58.95, 'Medium', 41.44),
('2020-11-01', 56.03, 'Medium', 43.73),
('2020-12-01', 43.29, 'Medium', 50.38),
('2021-01-01', 39.07, 'Medium', 55.05),
('2021-02-01', 35.36, 'Medium', 62.40),
('2021-03-01', 46.04, 'Medium', 66.02),
('2021-04-01', 41.26, 'Medium', 65.27),
('2021-05-01', 47.20, 'Medium', 68.23),
('2021-06-01', 37.62, 'Medium', 73.45),
('2021-07-01', 32.11, 'Low', 74.50),
('2021-08-01', 39.08, 'Medium', 70.52),
('2021-09-01', 38.08, 'Medium', 74.84),
('2021-10-01', 24.88, 'Low', 83.60),
('2021-11-01', 28.48, 'Low', 80.39),
('2021-12-01', 51.37, 'Medium', 74.51),
('2022-01-01', 61.66, 'Medium', 85.29),
('2022-02-01', 55.02, 'Medium', 94.30),
('2022-03-01', 66.52, 'High', 113.08),
('2022-04-01', 73.90, 'High', 106.35),
('2022-05-01', 70.96, 'High', 112.40),
('2022-06-01', 68.65, 'High', 117.37),
('2022-07-01', 77.73, 'High', 105.60),
('2022-08-01', 75.26, 'High', 97.73),
('2022-09-01', 68.51, 'High', 90.64),
('2022-10-01', 73.38, 'High', 93.52),
('2022-11-01', 65.10, 'High', 91.01),
('2022-12-01', 61.38, 'Medium', 81.52),
('2023-01-01', 63.56, 'Medium', 84.20),
('2023-02-01', 66.27, 'High', 83.42),
('2023-03-01', 61.07, 'Medium', 79.19),
('2023-04-01', 49.56, 'Medium', 83.13);

INSERT INTO risk_index (date, risk_index, risk_level, oil_price) VALUES
('2023-05-01', 62.98, 'Medium', 75.64),
('2023-06-01', 52.36, 'Medium', 75.08),
('2023-07-01', 46.25, 'Medium', 80.06),
('2023-08-01', 47.46, 'Medium', 85.23),
('2023-09-01', 41.55, 'Medium', 92.41),
('2023-10-01', 64.12, 'Medium', 89.13),
('2023-11-01', 63.44, 'Medium', 81.99),
('2023-12-01', 60.57, 'Medium', 77.43),
('2024-01-01', 57.34, 'Medium', 79.25),
('2024-02-01', 55.73, 'Medium', 81.56),
('2024-03-01', 61.98, 'Medium', 84.79),
('2024-04-01', 70.14, 'High', 89.16),
('2024-05-01', 61.62, 'Medium', 82.99),
('2024-06-01', 52.16, 'Medium', 83.03),
('2024-07-01', 58.54, 'Medium', 83.87),
('2024-08-01', 72.46, 'High', 78.85),
('2024-09-01', 65.94, 'High', 72.91),
('2024-10-01', 81.41, 'High', 75.68),
('2024-11-01', 71.96, 'High', 73.36),
('2024-12-01', 69.60, 'High', 73.15),
('2025-01-01', 61.51, 'Medium', 78.16),
('2025-02-01', 69.66, 'High', 74.90),
('2025-03-01', 82.40, 'High', 71.50),
('2025-04-01', 90.45, 'High', 66.37),
('2025-05-01', 77.69, 'High', 63.77),
('2025-06-01', 70.90, 'High', 69.63),
('2025-07-01', 68.83, 'High', 69.33),
('2025-08-01', 71.48, 'High', 67.25),
('2025-09-01', 64.28, 'Medium', 67.47),
('2025-10-01', 67.01, 'High', 63.75),
('2025-11-01', 67.67, 'High', 63.57),
('2025-12-01', 60.64, 'Medium', 61.55);

-- risk_factor data
INSERT INTO risk_factor (`date`, factor_name, factor_name_zh, category, `value`, shap_value) VALUES
('2015-01-01', 'crude_inventory', '原油库存变化', 'SUPPLY_DEMAND', 0.0000, 0.000780),
('2015-01-01', 'opec_output', 'OPEC产量', 'SUPPLY_DEMAND', 29816.4412, -0.001466),
('2015-01-01', 'us_dollar_index', '美元指数', 'MACRO', 92.8731, 0.013559),
('2015-01-01', 'cpi_expectation', 'CPI通胀预期', 'MACRO', 1.6150, -0.021675),
('2015-01-01', 'vix_index', 'VIX恐慌指数', 'FINANCIAL', 19.0070, 0.004660),
('2015-01-01', 'brent_change_rate', '布伦特价格变化率', 'FINANCIAL', 0.2080, 0.002539),
('2015-01-01', 'middle_east_tension', '中东紧张指数', 'GEOPOLITICAL', 0.0000, -0.020674),
('2015-01-01', 'russia_ukraine_risk', '俄乌风险指数', 'GEOPOLITICAL', 0.0000, -0.029302),
('2015-01-01', 'gpr_index', '地缘政治风险指数', 'SENTIMENT', 111.9857, 0.001004),
('2015-01-01', 'news_sentiment', '新闻情绪指数', 'SENTIMENT', 0.0011, -0.001349),
('2015-02-01', 'crude_inventory', '原油库存变化', 'SUPPLY_DEMAND', 26.4937, -0.094024),
('2015-02-01', 'opec_output', 'OPEC产量', 'SUPPLY_DEMAND', 29756.9652, -0.000891),
('2015-02-01', 'us_dollar_index', '美元指数', 'MACRO', 94.4671, 0.009591),
('2015-02-01', 'cpi_expectation', 'CPI通胀预期', 'MACRO', 1.7154, -0.016285),
('2015-02-01', 'vix_index', 'VIX恐慌指数', 'FINANCIAL', 15.8479, -0.014863),
('2015-02-01', 'brent_change_rate', '布伦特价格变化率', 'FINANCIAL', 1.7904, 0.034464),
('2015-02-01', 'middle_east_tension', '中东紧张指数', 'GEOPOLITICAL', 0.0000, -0.020674),
('2015-02-01', 'russia_ukraine_risk', '俄乌风险指数', 'GEOPOLITICAL', 0.0000, -0.029302),
('2015-02-01', 'gpr_index', '地缘政治风险指数', 'SENTIMENT', 111.9247, 0.000949),
('2015-02-01', 'news_sentiment', '新闻情绪指数', 'SENTIMENT', -0.0108, 0.001417),
('2015-03-01', 'crude_inventory', '原油库存变化', 'SUPPLY_DEMAND', 19.4149, -0.068693),
('2015-03-01', 'opec_output', 'OPEC产量', 'SUPPLY_DEMAND', 30552.1212, -0.008578),
('2015-03-01', 'us_dollar_index', '美元指数', 'MACRO', 97.8735, 0.001111),
('2015-03-01', 'cpi_expectation', 'CPI通胀预期', 'MACRO', 1.7635, -0.013697),
('2015-03-01', 'vix_index', 'VIX恐慌指数', 'FINANCIAL', 14.7677, -0.021537),
('2015-03-01', 'brent_change_rate', '布伦特价格变化率', 'FINANCIAL', -0.7971, -0.017739),
('2015-03-01', 'middle_east_tension', '中东紧张指数', 'GEOPOLITICAL', 0.0000, -0.020674),
('2015-03-01', 'russia_ukraine_risk', '俄乌风险指数', 'GEOPOLITICAL', 0.0000, -0.029302),
('2015-03-01', 'gpr_index', '地缘政治风险指数', 'SENTIMENT', 104.2353, -0.005963),
('2015-03-01', 'news_sentiment', '新闻情绪指数', 'SENTIMENT', -0.0916, 0.020332),
('2015-04-01', 'crude_inventory', '原油库存变化', 'SUPPLY_DEMAND', 13.1926, -0.046428),
('2015-04-01', 'opec_output', 'OPEC产量', 'SUPPLY_DEMAND', 30734.0842, -0.010338),
('2015-04-01', 'us_dollar_index', '美元指数', 'MACRO', 97.5949, 0.001804),
('2015-04-01', 'cpi_expectation', 'CPI通胀预期', 'MACRO', 1.8580, -0.008625),
('2015-04-01', 'vix_index', 'VIX恐慌指数', 'FINANCIAL', 13.4973, -0.029388),
('2015-04-01', 'brent_change_rate', '布伦特价格变化率', 'FINANCIAL', 0.4350, 0.007119),
('2015-04-01', 'middle_east_tension', '中东紧张指数', 'GEOPOLITICAL', 0.0000, -0.020674),
('2015-04-01', 'russia_ukraine_risk', '俄乌风险指数', 'GEOPOLITICAL', 0.0000, -0.029302),
('2015-04-01', 'gpr_index', '地缘政治风险指数', 'SENTIMENT', 102.1905, -0.007801),
('2015-04-01', 'news_sentiment', '新闻情绪指数', 'SENTIMENT', -0.1404, 0.031727),
('2015-05-01', 'crude_inventory', '原油库存变化', 'SUPPLY_DEMAND', -1.1069, 0.004741),
('2015-05-01', 'opec_output', 'OPEC产量', 'SUPPLY_DEMAND', 30969.7682, -0.012616),
('2015-05-01', 'us_dollar_index', '美元指数', 'MACRO', 95.2733, 0.007584),
('2015-05-01', 'cpi_expectation', 'CPI通胀预期', 'MACRO', 1.8652, -0.008240),
('2015-05-01', 'vix_index', 'VIX恐慌指数', 'FINANCIAL', 13.1200, -0.031720),
('2015-05-01', 'brent_change_rate', '布伦特价格变化率', 'FINANCIAL', 0.1226, 0.000816),
('2015-05-01', 'middle_east_tension', '中东紧张指数', 'GEOPOLITICAL', 0.0000, -0.020674),
('2015-05-01', 'russia_ukraine_risk', '俄乌风险指数', 'GEOPOLITICAL', 0.0000, -0.029302),
('2015-05-01', 'gpr_index', '地缘政治风险指数', 'SENTIMENT', 76.2623, -0.031107),
('2015-05-01', 'news_sentiment', '新闻情绪指数', 'SENTIMENT', -0.0505, 0.010717);

INSERT INTO risk_factor (`date`, factor_name, factor_name_zh, category, `value`, shap_value) VALUES
('2015-06-01', 'crude_inventory', '原油库存变化', 'SUPPLY_DEMAND', -5.0505, 0.018852),
('2015-06-01', 'opec_output', 'OPEC产量', 'SUPPLY_DEMAND', 31312.1012, -0.015926),
('2015-06-01', 'us_dollar_index', '美元指数', 'MACRO', 95.1957, 0.007777),
('2015-06-01', 'cpi_expectation', 'CPI通胀预期', 'MACRO', 1.8670, -0.008141),
('2015-06-01', 'vix_index', 'VIX恐慌指数', 'FINANCIAL', 14.2470, -0.024755),
('2015-06-01', 'brent_change_rate', '布伦特价格变化率', 'FINANCIAL', -0.2030, -0.005753),
('2015-06-01', 'middle_east_tension', '中东紧张指数', 'GEOPOLITICAL', 0.0000, -0.020674),
('2015-06-01', 'russia_ukraine_risk', '俄乌风险指数', 'GEOPOLITICAL', 0.0000, -0.029302),
('2015-06-01', 'gpr_index', '地缘政治风险指数', 'SENTIMENT', 85.9060, -0.022438),
('2015-06-01', 'news_sentiment', '新闻情绪指数', 'SENTIMENT', 0.0345, -0.009155),
('2015-07-01', 'crude_inventory', '原油库存变化', 'SUPPLY_DEMAND', -0.3535, 0.002045),
('2015-07-01', 'opec_output', 'OPEC产量', 'SUPPLY_DEMAND', 31448.5582, -0.017245),
('2015-07-01', 'us_dollar_index', '美元指数', 'MACRO', 96.8531, 0.003651),
('2015-07-01', 'cpi_expectation', 'CPI通胀预期', 'MACRO', 1.8294, -0.010163),
('2015-07-01', 'vix_index', 'VIX恐慌指数', 'FINANCIAL', 14.5539, -0.022859),
('2015-07-01', 'brent_change_rate', '布伦特价格变化率', 'FINANCIAL', -0.9129, -0.020075),
('2015-07-01', 'middle_east_tension', '中东紧张指数', 'GEOPOLITICAL', 0.0000, -0.020674),
('2015-07-01', 'russia_ukraine_risk', '俄乌风险指数', 'GEOPOLITICAL', 0.0000, -0.029302),
('2015-07-01', 'gpr_index', '地缘政治风险指数', 'SENTIMENT', 106.8087, -0.003649),
('2015-07-01', 'news_sentiment', '新闻情绪指数', 'SENTIMENT', -0.0089, 0.000975),
('2015-08-01', 'crude_inventory', '原油库存变化', 'SUPPLY_DEMAND', 0.1278, 0.000322),
('2015-08-01', 'opec_output', 'OPEC产量', 'SUPPLY_DEMAND', 31121.4362, -0.014082),
('2015-08-01', 'us_dollar_index', '美元指数', 'MACRO', 96.3846, 0.004817),
('2015-08-01', 'cpi_expectation', 'CPI通胀预期', 'MACRO', 1.6181, -0.021511),
('2015-08-01', 'vix_index', 'VIX恐慌指数', 'FINANCIAL', 19.1235, 0.005380),
('2015-08-01', 'brent_change_rate', '布伦特价格变化率', 'FINANCIAL', 0.0671, -0.000303),
('2015-08-01', 'middle_east_tension', '中东紧张指数', 'GEOPOLITICAL', 0.0000, -0.020674),
('2015-08-01', 'russia_ukraine_risk', '俄乌风险指数', 'GEOPOLITICAL', 0.0000, -0.029302),
('2015-08-01', 'gpr_index', '地缘政治风险指数', 'SENTIMENT', 82.4785, -0.025519),
('2015-08-01', 'news_sentiment', '新闻情绪指数', 'SENTIMENT', -0.0774, 0.017001),
('2015-09-01', 'crude_inventory', '原油库存变化', 'SUPPLY_DEMAND', -4.4247, 0.016613),
('2015-09-01', 'opec_output', 'OPEC产量', 'SUPPLY_DEMAND', 31483.9712, -0.017587),
('2015-09-01', 'us_dollar_index', '美元指数', 'MACRO', 95.7758, 0.006333),
('2015-09-01', 'cpi_expectation', 'CPI通胀预期', 'MACRO', 1.5237, -0.026580),
('2015-09-01', 'vix_index', 'VIX恐慌指数', 'FINANCIAL', 24.4507, 0.038299),
('2015-09-01', 'brent_change_rate', '布伦特价格变化率', 'FINANCIAL', -0.7383, -0.016553),
('2015-09-01', 'middle_east_tension', '中东紧张指数', 'GEOPOLITICAL', 0.0000, -0.020674),
('2015-09-01', 'russia_ukraine_risk', '俄乌风险指数', 'GEOPOLITICAL', 0.0000, -0.029302),
('2015-09-01', 'gpr_index', '地缘政治风险指数', 'SENTIMENT', 98.7675, -0.010877),
('2015-09-01', 'news_sentiment', '新闻情绪指数', 'SENTIMENT', -0.0573, 0.012309),
('2015-10-01', 'crude_inventory', '原油库存变化', 'SUPPLY_DEMAND', -2.1774, 0.008571),
('2015-10-01', 'opec_output', 'OPEC产量', 'SUPPLY_DEMAND', 31250.3942, -0.015329),
('2015-10-01', 'us_dollar_index', '美元指数', 'MACRO', 95.7401, 0.006422),
('2015-10-01', 'cpi_expectation', 'CPI通胀预期', 'MACRO', 1.5019, -0.027748),
('2015-10-01', 'vix_index', 'VIX恐慌指数', 'FINANCIAL', 16.7581, -0.009238),
('2015-10-01', 'brent_change_rate', '布伦特价格变化率', 'FINANCIAL', 0.3810, 0.006029),
('2015-10-01', 'middle_east_tension', '中东紧张指数', 'GEOPOLITICAL', 0.0000, -0.020674),
('2015-10-01', 'russia_ukraine_risk', '俄乌风险指数', 'GEOPOLITICAL', 0.0000, -0.029302),
('2015-10-01', 'gpr_index', '地缘政治风险指数', 'SENTIMENT', 91.9319, -0.017022),
('2015-10-01', 'news_sentiment', '新闻情绪指数', 'SENTIMENT', -0.1347, 0.030405);

INSERT INTO risk_factor (`date`, factor_name, factor_name_zh, category, `value`, shap_value) VALUES
('2015-11-01', 'crude_inventory', '原油库存变化', 'SUPPLY_DEMAND', 5.5165, -0.018960),
('2015-11-01', 'opec_output', 'OPEC产量', 'SUPPLY_DEMAND', 31398.2352, -0.016758),
('2015-11-01', 'us_dollar_index', '美元指数', 'MACRO', 99.1050, -0.001955),
('2015-11-01', 'cpi_expectation', 'CPI通胀预期', 'MACRO', 1.5717, -0.024003),
('2015-11-01', 'vix_index', 'VIX恐慌指数', 'FINANCIAL', 16.1487, -0.013004),
('2015-11-01', 'brent_change_rate', '布伦特价格变化率', 'FINANCIAL', -0.4457, -0.010649),
('2015-11-01', 'middle_east_tension', '中东紧张指数', 'GEOPOLITICAL', 0.0000, -0.020674),
('2015-11-01', 'russia_ukraine_risk', '俄乌风险指数', 'GEOPOLITICAL', 0.0000, -0.029302),
('2015-11-01', 'gpr_index', '地缘政治风险指数', 'SENTIMENT', 150.7159, 0.035818),
('2015-11-01', 'news_sentiment', '新闻情绪指数', 'SENTIMENT', -0.0917, 0.020348),
('2015-12-01', 'crude_inventory', '原油库存变化', 'SUPPLY_DEMAND', 7.7139, -0.026823),
('2015-12-01', 'opec_output', 'OPEC产量', 'SUPPLY_DEMAND', 31443.0332, -0.017191),
('2015-12-01', 'us_dollar_index', '美元指数', 'MACRO', 98.2825, 0.000092),
('2015-12-01', 'cpi_expectation', 'CPI通胀预期', 'MACRO', 1.5139, -0.027107),
('2015-12-01', 'vix_index', 'VIX恐慌指数', 'FINANCIAL', 18.1800, -0.000451),
('2015-12-01', 'brent_change_rate', '布伦特价格变化率', 'FINANCIAL', -0.8648, -0.019106),
('2015-12-01', 'middle_east_tension', '中东紧张指数', 'GEOPOLITICAL', 0.0000, -0.020674),
('2015-12-01', 'russia_ukraine_risk', '俄乌风险指数', 'GEOPOLITICAL', 0.0000, -0.029302),
('2015-12-01', 'gpr_index', '地缘政治风险指数', 'SENTIMENT', 148.2369, 0.033589),
('2015-12-01', 'news_sentiment', '新闻情绪指数', 'SENTIMENT', 0.0641, -0.016081),
('2016-01-01', 'crude_inventory', '原油库存变化', 'SUPPLY_DEMAND', 4.8720, -0.016654),
('2016-01-01', 'opec_output', 'OPEC产量', 'SUPPLY_DEMAND', 31763.0270, -0.020285),
('2016-01-01', 'us_dollar_index', '美元指数', 'MACRO', 99.0035, -0.001703),
('2016-01-01', 'cpi_expectation', 'CPI通胀预期', 'MACRO', 1.4245, -0.031905),
('2016-01-01', 'vix_index', 'VIX恐慌指数', 'FINANCIAL', 23.4010, 0.031812),
('2016-01-01', 'brent_change_rate', '布伦特价格变化率', 'FINANCIAL', 0.3819, 0.006048),
('2016-01-01', 'middle_east_tension', '中东紧张指数', 'GEOPOLITICAL', 0.0000, -0.020674),
('2016-01-01', 'russia_ukraine_risk', '俄乌风险指数', 'GEOPOLITICAL', 0.0000, -0.029302),
('2016-01-01', 'gpr_index', '地缘政治风险指数', 'SENTIMENT', 118.2111, 0.006600),
('2016-01-01', 'news_sentiment', '新闻情绪指数', 'SENTIMENT', 0.1337, -0.032369),
('2016-02-01', 'crude_inventory', '原油库存变化', 'SUPPLY_DEMAND', 1.6025, -0.004955),
('2016-02-01', 'opec_output', 'OPEC产量', 'SUPPLY_DEMAND', 31333.8520, -0.016136),
('2016-02-01', 'us_dollar_index', '美元指数', 'MACRO', 97.0372, 0.003193),
('2016-02-01', 'cpi_expectation', 'CPI通胀预期', 'MACRO', 1.3069, -0.038222),
('2016-02-01', 'vix_index', 'VIX恐慌指数', 'FINANCIAL', 22.5510, 0.026560),
('2016-02-01', 'brent_change_rate', '布伦特价格变化率', 'FINANCIAL', 0.5772, 0.009989),
('2016-02-01', 'middle_east_tension', '中东紧张指数', 'GEOPOLITICAL', 0.0000, -0.020674),
('2016-02-01', 'russia_ukraine_risk', '俄乌风险指数', 'GEOPOLITICAL', 0.0000, -0.029302),
('2016-02-01', 'gpr_index', '地缘政治风险指数', 'SENTIMENT', 103.7496, -0.006399),
('2016-02-01', 'news_sentiment', '新闻情绪指数', 'SENTIMENT', 0.1751, -0.042038),
('2016-03-01', 'crude_inventory', '原油库存变化', 'SUPPLY_DEMAND', 2.5890, -0.008485),
('2016-03-01', 'opec_output', 'OPEC产量', 'SUPPLY_DEMAND', 31491.2600, -0.017658),
('2016-03-01', 'us_dollar_index', '美元指数', 'MACRO', 96.2492, 0.005154),
('2016-03-01', 'cpi_expectation', 'CPI通胀预期', 'MACRO', 1.5539, -0.024958),
('2016-03-01', 'vix_index', 'VIX恐慌指数', 'FINANCIAL', 15.7310, -0.015585),
('2016-03-01', 'brent_change_rate', '布伦特价格变化率', 'FINANCIAL', 0.6152, 0.010754),
('2016-03-01', 'middle_east_tension', '中东紧张指数', 'GEOPOLITICAL', 0.0000, -0.020674),
('2016-03-01', 'russia_ukraine_risk', '俄乌风险指数', 'GEOPOLITICAL', 0.0000, -0.029302),
('2016-03-01', 'gpr_index', '地缘政治风险指数', 'SENTIMENT', 109.7203, -0.001032),
('2016-03-01', 'news_sentiment', '新闻情绪指数', 'SENTIMENT', 0.2393, -0.057062);

INSERT INTO risk_factor (`date`, factor_name, factor_name_zh, category, `value`, shap_value) VALUES
('2016-04-01', 'crude_inventory', '原油库存变化', 'SUPPLY_DEMAND', -1.8731, 0.007482),
('2016-04-01', 'opec_output', 'OPEC产量', 'SUPPLY_DEMAND', 31612.3890, -0.018829),
('2016-04-01', 'us_dollar_index', '美元指数', 'MACRO', 94.4282, 0.009688),
('2016-04-01', 'cpi_expectation', 'CPI通胀预期', 'MACRO', 1.6140, -0.021729),
('2016-04-01', 'vix_index', 'VIX恐慌指数', 'FINANCIAL', 14.2203, -0.024920),
('2016-04-01', 'brent_change_rate', '布伦特价格变化率', 'FINANCIAL', 0.9183, 0.016870),
('2016-04-01', 'middle_east_tension', '中东紧张指数', 'GEOPOLITICAL', 0.0000, -0.020674),
('2016-04-01', 'russia_ukraine_risk', '俄乌风险指数', 'GEOPOLITICAL', 0.0000, -0.029302),
('2016-04-01', 'gpr_index', '地缘政治风险指数', 'SENTIMENT', 85.2215, -0.023054),
('2016-04-01', 'news_sentiment', '新闻情绪指数', 'SENTIMENT', 0.1676, -0.040295),
('2016-05-01', 'crude_inventory', '原油库存变化', 'SUPPLY_DEMAND', 3.2332, -0.010790),
('2016-05-01', 'opec_output', 'OPEC产量', 'SUPPLY_DEMAND', 31494.9370, -0.017693),
('2016-05-01', 'us_dollar_index', '美元指数', 'MACRO', 94.6228, 0.009203),
('2016-05-01', 'cpi_expectation', 'CPI通胀预期', 'MACRO', 1.5945, -0.022775),
('2016-05-01', 'vix_index', 'VIX恐慌指数', 'FINANCIAL', 14.7384, -0.021719),
('2016-05-01', 'brent_change_rate', '布伦特价格变化率', 'FINANCIAL', 0.0890, 0.000139),
('2016-05-01', 'middle_east_tension', '中东紧张指数', 'GEOPOLITICAL', 0.0000, -0.020674),
('2016-05-01', 'russia_ukraine_risk', '俄乌风险指数', 'GEOPOLITICAL', 0.0000, -0.029302),
('2016-05-01', 'gpr_index', '地缘政治风险指数', 'SENTIMENT', 88.3324, -0.020257),
('2016-05-01', 'news_sentiment', '新闻情绪指数', 'SENTIMENT', 0.0872, -0.021487),
('2016-06-01', 'crude_inventory', '原油库存变化', 'SUPPLY_DEMAND', -2.9980, 0.011507),
('2016-06-01', 'opec_output', 'OPEC产量', 'SUPPLY_DEMAND', 31913.3780, -0.021739),
('2016-06-01', 'us_dollar_index', '美元指数', 'MACRO', 94.5994, 0.009262),
('2016-06-01', 'cpi_expectation', 'CPI通胀预期', 'MACRO', 1.4700, -0.029463),
('2016-06-01', 'vix_index', 'VIX恐慌指数', 'FINANCIAL', 18.0793, -0.001073),
('2016-06-01', 'brent_change_rate', '布伦特价格变化率', 'FINANCIAL', -0.2603, -0.006909),
('2016-06-01', 'middle_east_tension', '中东紧张指数', 'GEOPOLITICAL', 0.0000, -0.020674),
('2016-06-01', 'russia_ukraine_risk', '俄乌风险指数', 'GEOPOLITICAL', 0.0000, -0.029302),
('2016-06-01', 'gpr_index', '地缘政治风险指数', 'SENTIMENT', 90.1681, -0.018607),
('2016-06-01', 'news_sentiment', '新闻情绪指数', 'SENTIMENT', 0.0317, -0.008498),
('2016-07-01', 'crude_inventory', '原油库存变化', 'SUPPLY_DEMAND', -1.7415, 0.007011),
('2016-07-01', 'opec_output', 'OPEC产量', 'SUPPLY_DEMAND', 32093.4570, -0.023479),
('2016-07-01', 'us_dollar_index', '美元指数', 'MACRO', 96.4463, 0.004664),
('2016-07-01', 'cpi_expectation', 'CPI通胀预期', 'MACRO', 1.4658, -0.029688),
('2016-07-01', 'vix_index', 'VIX恐慌指数', 'FINANCIAL', 13.1290, -0.031664),
('2016-07-01', 'brent_change_rate', '布伦特价格变化率', 'FINANCIAL', -0.4226, -0.010183),
('2016-07-01', 'middle_east_tension', '中东紧张指数', 'GEOPOLITICAL', 0.0000, -0.020674),
('2016-07-01', 'russia_ukraine_risk', '俄乌风险指数', 'GEOPOLITICAL', 0.0000, -0.029302),
('2016-07-01', 'gpr_index', '地缘政治风险指数', 'SENTIMENT', 114.6105, 0.003363),
('2016-07-01', 'news_sentiment', '新闻情绪指数', 'SENTIMENT', 0.0966, -0.023675),
('2016-08-01', 'crude_inventory', '原油库存变化', 'SUPPLY_DEMAND', 0.4238, -0.000737),
('2016-08-01', 'opec_output', 'OPEC产量', 'SUPPLY_DEMAND', 32003.9930, -0.022615),
('2016-08-01', 'us_dollar_index', '美元指数', 'MACRO', 95.4067, 0.007252),
('2016-08-01', 'cpi_expectation', 'CPI通胀预期', 'MACRO', 1.4694, -0.029497),
('2016-08-01', 'vix_index', 'VIX恐慌指数', 'FINANCIAL', 12.2919, -0.036837),
('2016-08-01', 'brent_change_rate', '布伦特价格变化率', 'FINANCIAL', 0.5052, 0.008535),
('2016-08-01', 'middle_east_tension', '中东紧张指数', 'GEOPOLITICAL', 0.0000, -0.020674),
('2016-08-01', 'russia_ukraine_risk', '俄乌风险指数', 'GEOPOLITICAL', 0.0000, -0.029302),
('2016-08-01', 'gpr_index', '地缘政治风险指数', 'SENTIMENT', 98.7385, -0.010903),
('2016-08-01', 'news_sentiment', '新闻情绪指数', 'SENTIMENT', 0.0835, -0.020614);

INSERT INTO risk_factor (`date`, factor_name, factor_name_zh, category, `value`, shap_value) VALUES
('2016-09-01', 'crude_inventory', '原油库存变化', 'SUPPLY_DEMAND', -3.0124, 0.011559),
('2016-09-01', 'opec_output', 'OPEC产量', 'SUPPLY_DEMAND', 32054.8290, -0.023106),
('2016-09-01', 'us_dollar_index', '美元指数', 'MACRO', 95.5253, 0.006956),
('2016-09-01', 'cpi_expectation', 'CPI通胀预期', 'MACRO', 1.5127, -0.027171),
('2016-09-01', 'vix_index', 'VIX恐慌指数', 'FINANCIAL', 14.1623, -0.025278),
('2016-09-01', 'brent_change_rate', '布伦特价格变化率', 'FINANCIAL', -0.2583, -0.006869),
('2016-09-01', 'middle_east_tension', '中东紧张指数', 'GEOPOLITICAL', 0.0000, -0.020674),
('2016-09-01', 'russia_ukraine_risk', '俄乌风险指数', 'GEOPOLITICAL', 0.0000, -0.029302),
('2016-09-01', 'gpr_index', '地缘政治风险指数', 'SENTIMENT', 104.5452, -0.005684),
('2016-09-01', 'news_sentiment', '新闻情绪指数', 'SENTIMENT', 0.0638, -0.016015),
('2016-10-01', 'crude_inventory', '原油库存变化', 'SUPPLY_DEMAND', -3.9448, 0.014896),
('2016-10-01', 'opec_output', 'OPEC产量', 'SUPPLY_DEMAND', 32547.1830, -0.027866),
('2016-10-01', 'us_dollar_index', '美元指数', 'MACRO', 97.6017, 0.001787),
('2016-10-01', 'cpi_expectation', 'CPI通胀预期', 'MACRO', 1.6635, -0.019068),
('2016-10-01', 'vix_index', 'VIX恐慌指数', 'FINANCIAL', 14.5526, -0.022867),
('2016-10-01', 'brent_change_rate', '布伦特价格变化率', 'FINANCIAL', -0.1926, -0.005543),
('2016-10-01', 'middle_east_tension', '中东紧张指数', 'GEOPOLITICAL', 0.0000, -0.020674),
('2016-10-01', 'russia_ukraine_risk', '俄乌风险指数', 'GEOPOLITICAL', 0.0000, -0.029302),
('2016-10-01', 'gpr_index', '地缘政治风险指数', 'SENTIMENT', 85.7478, -0.022580),
('2016-10-01', 'news_sentiment', '新闻情绪指数', 'SENTIMENT', 0.1076, -0.026247),
('2016-11-01', 'crude_inventory', '原油库存变化', 'SUPPLY_DEMAND', -1.3192, 0.005500),
('2016-11-01', 'opec_output', 'OPEC产量', 'SUPPLY_DEMAND', 32921.8470, -0.031488),
('2016-11-01', 'us_dollar_index', '美元指数', 'MACRO', 99.7348, -0.003523),
('2016-11-01', 'cpi_expectation', 'CPI通胀预期', 'MACRO', 1.8313, -0.010057),
('2016-11-01', 'vix_index', 'VIX恐慌指数', 'FINANCIAL', 15.2043, -0.018839),
('2016-11-01', 'brent_change_rate', '布伦特价格变化率', 'FINANCIAL', -0.2793, -0.007293),
('2016-11-01', 'middle_east_tension', '中东紧张指数', 'GEOPOLITICAL', 0.0000, -0.020674),
('2016-11-01', 'russia_ukraine_risk', '俄乌风险指数', 'GEOPOLITICAL', 0.0000, -0.029302),
('2016-11-01', 'gpr_index', '地缘政治风险指数', 'SENTIMENT', 82.9188, -0.025123),
('2016-11-01', 'news_sentiment', '新闻情绪指数', 'SENTIMENT', 0.1596, -0.038427),
('2016-12-01', 'crude_inventory', '原油库存变化', 'SUPPLY_DEMAND', 11.2493, -0.039474),
('2016-12-01', 'opec_output', 'OPEC产量', 'SUPPLY_DEMAND', 32694.3900, -0.029289),
('2016-12-01', 'us_dollar_index', '美元指数', 'MACRO', 102.0477, -0.009281),
('2016-12-01', 'cpi_expectation', 'CPI通胀预期', 'MACRO', 1.9345, -0.004515),
('2016-12-01', 'vix_index', 'VIX恐慌指数', 'FINANCIAL', 12.4652, -0.035766),
('2016-12-01', 'brent_change_rate', '布伦特价格变化率', 'FINANCIAL', 0.7110, 0.012687),
('2016-12-01', 'middle_east_tension', '中东紧张指数', 'GEOPOLITICAL', 0.0000, -0.020674),
('2016-12-01', 'russia_ukraine_risk', '俄乌风险指数', 'GEOPOLITICAL', 0.0000, -0.029302),
('2016-12-01', 'gpr_index', '地缘政治风险指数', 'SENTIMENT', 102.1805, -0.007810),
('2016-12-01', 'news_sentiment', '新闻情绪指数', 'SENTIMENT', 0.1610, -0.038749),
('2017-01-01', 'crude_inventory', '原油库存变化', 'SUPPLY_DEMAND', -0.1988, 0.001491),
('2017-01-01', 'opec_output', 'OPEC产量', 'SUPPLY_DEMAND', 31844.0432, -0.021068),
('2017-01-01', 'us_dollar_index', '美元指数', 'MACRO', 101.2546, -0.007307),
('2017-01-01', 'cpi_expectation', 'CPI通胀预期', 'MACRO', 2.0084, -0.000548),
('2017-01-01', 'vix_index', 'VIX恐慌指数', 'FINANCIAL', 11.6394, -0.040869),
('2017-01-01', 'brent_change_rate', '布伦特价格变化率', 'FINANCIAL', 0.0206, -0.001241),
('2017-01-01', 'middle_east_tension', '中东紧张指数', 'GEOPOLITICAL', 0.0000, -0.020674),
('2017-01-01', 'russia_ukraine_risk', '俄乌风险指数', 'GEOPOLITICAL', 0.0000, -0.029302),
('2017-01-01', 'gpr_index', '地缘政治风险指数', 'SENTIMENT', 105.2012, -0.005094),
('2017-01-01', 'news_sentiment', '新闻情绪指数', 'SENTIMENT', 0.0750, -0.018634);

INSERT INTO risk_factor (`date`, factor_name, factor_name_zh, category, `value`, shap_value) VALUES
('2017-02-01', 'crude_inventory', '原油库存变化', 'SUPPLY_DEMAND', -2.7093, 0.010474),
('2017-02-01', 'opec_output', 'OPEC产量', 'SUPPLY_DEMAND', 31675.3176, -0.019437),
('2017-02-01', 'us_dollar_index', '美元指数', 'MACRO', 100.6783, -0.005872),
('2017-02-01', 'cpi_expectation', 'CPI通胀预期', 'MACRO', 2.0182, -0.000020),
('2017-02-01', 'vix_index', 'VIX恐慌指数', 'FINANCIAL', 11.4332, -0.042143),
('2017-02-01', 'brent_change_rate', '布伦特价格变化率', 'FINANCIAL', 0.1121, 0.000605),
('2017-02-01', 'middle_east_tension', '中东紧张指数', 'GEOPOLITICAL', 0.0000, -0.020674),
('2017-02-01', 'russia_ukraine_risk', '俄乌风险指数', 'GEOPOLITICAL', 0.0000, -0.029302),
('2017-02-01', 'gpr_index', '地缘政治风险指数', 'SENTIMENT', 114.2064, 0.003000),
('2017-02-01', 'news_sentiment', '新闻情绪指数', 'SENTIMENT', 0.1150, -0.027993),
('2017-03-01', 'crude_inventory', '原油库存变化', 'SUPPLY_DEMAND', 3.7221, -0.012539),
('2017-03-01', 'opec_output', 'OPEC产量', 'SUPPLY_DEMAND', 31317.8242, -0.015981),
('2017-03-01', 'us_dollar_index', '美元指数', 'MACRO', 100.7572, -0.006068),
('2017-03-01', 'cpi_expectation', 'CPI通胀预期', 'MACRO', 1.9997, -0.001016),
('2017-03-01', 'vix_index', 'VIX恐慌指数', 'FINANCIAL', 11.8506, -0.039564),
('2017-03-01', 'brent_change_rate', '布伦特价格变化率', 'FINANCIAL', -0.1284, -0.004247),
('2017-03-01', 'middle_east_tension', '中东紧张指数', 'GEOPOLITICAL', 0.0000, -0.020674),
('2017-03-01', 'russia_ukraine_risk', '俄乌风险指数', 'GEOPOLITICAL', 0.0000, -0.029302),
('2017-03-01', 'gpr_index', '地缘政治风险指数', 'SENTIMENT', 96.6359, -0.012793),
('2017-03-01', 'news_sentiment', '新闻情绪指数', 'SENTIMENT', 0.0564, -0.014287),
('2017-04-01', 'crude_inventory', '原油库存变化', 'SUPPLY_DEMAND', 2.8813, -0.009531),
('2017-04-01', 'opec_output', 'OPEC产量', 'SUPPLY_DEMAND', 31338.2144, -0.016178),
('2017-04-01', 'us_dollar_index', '美元指数', 'MACRO', 100.0903, -0.004408),
('2017-04-01', 'cpi_expectation', 'CPI通胀预期', 'MACRO', 1.9107, -0.005796),
('2017-04-01', 'vix_index', 'VIX恐慌指数', 'FINANCIAL', 13.2950, -0.030638),
('2017-04-01', 'brent_change_rate', '布伦特价格变化率', 'FINANCIAL', -0.1263, -0.004206),
('2017-04-01', 'middle_east_tension', '中东紧张指数', 'GEOPOLITICAL', 0.0000, -0.020674),
('2017-04-01', 'russia_ukraine_risk', '俄乌风险指数', 'GEOPOLITICAL', 0.0000, -0.029302),
('2017-04-01', 'gpr_index', '地缘政治风险指数', 'SENTIMENT', 119.4599, 0.007723),
('2017-04-01', 'news_sentiment', '新闻情绪指数', 'SENTIMENT', -0.0428, 0.008922),
('2017-05-01', 'crude_inventory', '原油库存变化', 'SUPPLY_DEMAND', -3.7302, 0.014128),
('2017-05-01', 'opec_output', 'OPEC产量', 'SUPPLY_DEMAND', 31861.0094, -0.021232),
('2017-05-01', 'us_dollar_index', '美元指数', 'MACRO', 98.1809, 0.000345),
('2017-05-01', 'cpi_expectation', 'CPI通胀预期', 'MACRO', 1.8348, -0.009869),
('2017-05-01', 'vix_index', 'VIX恐慌指数', 'FINANCIAL', 10.7877, -0.046132),
('2017-05-01', 'brent_change_rate', '布伦特价格变化率', 'FINANCIAL', 0.2500, 0.003387),
('2017-05-01', 'middle_east_tension', '中东紧张指数', 'GEOPOLITICAL', 0.0000, -0.020674),
('2017-05-01', 'russia_ukraine_risk', '俄乌风险指数', 'GEOPOLITICAL', 0.0000, -0.029302),
('2017-05-01', 'gpr_index', '地缘政治风险指数', 'SENTIMENT', 102.5800, -0.007450),
('2017-05-01', 'news_sentiment', '新闻情绪指数', 'SENTIMENT', -0.0341, 0.006874),
('2017-06-01', 'crude_inventory', '原油库存变化', 'SUPPLY_DEMAND', -6.0459, 0.022414),
('2017-06-01', 'opec_output', 'OPEC产量', 'SUPPLY_DEMAND', 32266.9344, -0.025157),
('2017-06-01', 'us_dollar_index', '美元指数', 'MACRO', 96.9849, 0.003323),
('2017-06-01', 'cpi_expectation', 'CPI通胀预期', 'MACRO', 1.7303, -0.015481),
('2017-06-01', 'vix_index', 'VIX恐慌指数', 'FINANCIAL', 10.4333, -0.048322),
('2017-06-01', 'brent_change_rate', '布伦特价格变化率', 'FINANCIAL', -0.0283, -0.002229),
('2017-06-01', 'middle_east_tension', '中东紧张指数', 'GEOPOLITICAL', 0.0000, -0.020674),
('2017-06-01', 'russia_ukraine_risk', '俄乌风险指数', 'GEOPOLITICAL', 0.0000, -0.029302),
('2017-06-01', 'gpr_index', '地缘政治风险指数', 'SENTIMENT', 126.7890, 0.014310),
('2017-06-01', 'news_sentiment', '新闻情绪指数', 'SENTIMENT', -0.0332, 0.006667);

INSERT INTO risk_factor (`date`, factor_name, factor_name_zh, category, `value`, shap_value) VALUES
('2017-07-01', 'crude_inventory', '原油库存变化', 'SUPPLY_DEMAND', -7.4233, 0.027343),
('2017-07-01', 'opec_output', 'OPEC产量', 'SUPPLY_DEMAND', 32478.7292, -0.027204),
('2017-07-01', 'us_dollar_index', '美元指数', 'MACRO', 94.8928, 0.008531),
('2017-07-01', 'cpi_expectation', 'CPI通胀预期', 'MACRO', 1.7681, -0.013455),
('2017-07-01', 'vix_index', 'VIX恐慌指数', 'FINANCIAL', 10.3087, -0.049092),
('2017-07-01', 'brent_change_rate', '布伦特价格变化率', 'FINANCIAL', 0.2232, 0.002846),
('2017-07-01', 'middle_east_tension', '中东紧张指数', 'GEOPOLITICAL', 0.0000, -0.020674),
('2017-07-01', 'russia_ukraine_risk', '俄乌风险指数', 'GEOPOLITICAL', 0.0000, -0.029302),
('2017-07-01', 'gpr_index', '地缘政治风险指数', 'SENTIMENT', 102.8135, -0.007241),
('2017-07-01', 'news_sentiment', '新闻情绪指数', 'SENTIMENT', -0.0380, 0.007777),
('2017-08-01', 'crude_inventory', '原油库存变化', 'SUPPLY_DEMAND', -1.0732, 0.004620),
('2017-08-01', 'opec_output', 'OPEC产量', 'SUPPLY_DEMAND', 32304.2176, -0.025517),
('2017-08-01', 'us_dollar_index', '美元指数', 'MACRO', 93.1682, 0.012824),
('2017-08-01', 'cpi_expectation', 'CPI通胀预期', 'MACRO', 1.7755, -0.013056),
('2017-08-01', 'vix_index', 'VIX恐慌指数', 'FINANCIAL', 12.1806, -0.037524),
('2017-08-01', 'brent_change_rate', '布伦特价格变化率', 'FINANCIAL', 0.3439, 0.005281),
('2017-08-01', 'middle_east_tension', '中东紧张指数', 'GEOPOLITICAL', 0.0000, -0.020674),
('2017-08-01', 'russia_ukraine_risk', '俄乌风险指数', 'GEOPOLITICAL', 0.0000, -0.029302),
('2017-08-01', 'gpr_index', '地缘政治风险指数', 'SENTIMENT', 138.5316, 0.024866),
('2017-08-01', 'news_sentiment', '新闻情绪指数', 'SENTIMENT', -0.2495, 0.057237),
('2017-09-01', 'crude_inventory', '原油库存变化', 'SUPPLY_DEMAND', 5.1913, -0.017797),
('2017-09-01', 'opec_output', 'OPEC产量', 'SUPPLY_DEMAND', 32457.6322, -0.027000),
('2017-09-01', 'us_dollar_index', '美元指数', 'MACRO', 92.2818, 0.015031),
('2017-09-01', 'cpi_expectation', 'CPI通胀预期', 'MACRO', 1.8297, -0.010146),
('2017-09-01', 'vix_index', 'VIX恐慌指数', 'FINANCIAL', 10.4140, -0.048441),
('2017-09-01', 'brent_change_rate', '布伦特价格变化率', 'FINANCIAL', 0.1853, 0.002082),
('2017-09-01', 'middle_east_tension', '中东紧张指数', 'GEOPOLITICAL', 0.0000, -0.020674),
('2017-09-01', 'russia_ukraine_risk', '俄乌风险指数', 'GEOPOLITICAL', 0.0000, -0.029302),
('2017-09-01', 'gpr_index', '地缘政治风险指数', 'SENTIMENT', 115.5344, 0.004194),
('2017-09-01', 'news_sentiment', '新闻情绪指数', 'SENTIMENT', -0.3589, 0.082825),
('2017-10-01', 'crude_inventory', '原油库存变化', 'SUPPLY_DEMAND', 6.6596, -0.023051),
('2017-10-01', 'opec_output', 'OPEC产量', 'SUPPLY_DEMAND', 32205.0101, -0.024558),
('2017-10-01', 'us_dollar_index', '美元指数', 'MACRO', 93.7229, 0.011444),
('2017-10-01', 'cpi_expectation', 'CPI通胀预期', 'MACRO', 1.8629, -0.008361),
('2017-10-01', 'vix_index', 'VIX恐慌指数', 'FINANCIAL', 10.0106, -0.050934),
('2017-10-01', 'brent_change_rate', '布伦特价格变化率', 'FINANCIAL', 0.3994, 0.006400),
('2017-10-01', 'middle_east_tension', '中东紧张指数', 'GEOPOLITICAL', 0.0000, -0.020674),
('2017-10-01', 'russia_ukraine_risk', '俄乌风险指数', 'GEOPOLITICAL', 0.0000, -0.029302),
('2017-10-01', 'gpr_index', '地缘政治风险指数', 'SENTIMENT', 91.4616, -0.017445),
('2017-10-01', 'news_sentiment', '新闻情绪指数', 'SENTIMENT', -0.2150, 0.049181),
('2017-11-01', 'crude_inventory', '原油库存变化', 'SUPPLY_DEMAND', -2.6592, 0.010295),
('2017-11-01', 'opec_output', 'OPEC产量', 'SUPPLY_DEMAND', 32064.5257, -0.023200),
('2017-11-01', 'us_dollar_index', '美元指数', 'MACRO', 93.9560, 0.010863),
('2017-11-01', 'cpi_expectation', 'CPI通胀预期', 'MACRO', 1.8577, -0.008643),
('2017-11-01', 'vix_index', 'VIX恐慌指数', 'FINANCIAL', 10.4763, -0.048056),
('2017-11-01', 'brent_change_rate', '布伦特价格变化率', 'FINANCIAL', 0.4203, 0.006823),
('2017-11-01', 'middle_east_tension', '中东紧张指数', 'GEOPOLITICAL', 0.0000, -0.020674),
('2017-11-01', 'russia_ukraine_risk', '俄乌风险指数', 'GEOPOLITICAL', 0.0000, -0.029302),
('2017-11-01', 'gpr_index', '地缘政治风险指数', 'SENTIMENT', 92.5960, -0.016425),
('2017-11-01', 'news_sentiment', '新闻情绪指数', 'SENTIMENT', -0.1594, 0.036174);

INSERT INTO risk_factor (`date`, factor_name, factor_name_zh, category, `value`, shap_value) VALUES
('2017-12-01', 'crude_inventory', '原油库存变化', 'SUPPLY_DEMAND', -14.9637, 0.054325),
('2017-12-01', 'opec_output', 'OPEC产量', 'SUPPLY_DEMAND', 31873.1116, -0.021349),
('2017-12-01', 'us_dollar_index', '美元指数', 'MACRO', 93.3429, 0.012390),
('2017-12-01', 'cpi_expectation', 'CPI通胀预期', 'MACRO', 1.9023, -0.006248),
('2017-12-01', 'vix_index', 'VIX恐慌指数', 'FINANCIAL', 10.2558, -0.049419),
('2017-12-01', 'brent_change_rate', '布伦特价格变化率', 'FINANCIAL', 0.3677, 0.005762),
('2017-12-01', 'middle_east_tension', '中东紧张指数', 'GEOPOLITICAL', 0.0000, -0.020674),
('2017-12-01', 'russia_ukraine_risk', '俄乌风险指数', 'GEOPOLITICAL', 0.0000, -0.029302),
('2017-12-01', 'gpr_index', '地缘政治风险指数', 'SENTIMENT', 82.7183, -0.025304),
('2017-12-01', 'news_sentiment', '新闻情绪指数', 'SENTIMENT', -0.0299, 0.005899),
('2018-01-01', 'crude_inventory', '原油库存变化', 'SUPPLY_DEMAND', -19.4135, 0.070248),
('2018-01-01', 'opec_output', 'OPEC产量', 'SUPPLY_DEMAND', 32164.8017, -0.024169),
('2018-01-01', 'us_dollar_index', '美元指数', 'MACRO', 90.7781, 0.018775),
('2018-01-01', 'cpi_expectation', 'CPI通胀预期', 'MACRO', 2.0397, 0.001133),
('2018-01-01', 'vix_index', 'VIX恐慌指数', 'FINANCIAL', 10.8700, -0.045624),
('2018-01-01', 'brent_change_rate', '布伦特价格变化率', 'FINANCIAL', 0.0713, -0.000219),
('2018-01-01', 'middle_east_tension', '中东紧张指数', 'GEOPOLITICAL', 0.0000, -0.020674),
('2018-01-01', 'russia_ukraine_risk', '俄乌风险指数', 'GEOPOLITICAL', 0.0000, -0.029302),
('2018-01-01', 'gpr_index', '地缘政治风险指数', 'SENTIMENT', 92.4268, -0.016577),
('2018-01-01', 'news_sentiment', '新闻情绪指数', 'SENTIMENT', -0.1076, 0.024061),
('2018-02-01', 'crude_inventory', '原油库存变化', 'SUPPLY_DEMAND', -24.0388, 0.086799),
('2018-02-01', 'opec_output', 'OPEC产量', 'SUPPLY_DEMAND', 32004.6483, -0.022621),
('2018-02-01', 'us_dollar_index', '美元指数', 'MACRO', 89.6923, 0.021478),
('2018-02-01', 'cpi_expectation', 'CPI通胀预期', 'MACRO', 2.1007, 0.004411),
('2018-02-01', 'vix_index', 'VIX恐慌指数', 'FINANCIAL', 21.8189, 0.022036),
('2018-02-01', 'brent_change_rate', '布伦特价格变化率', 'FINANCIAL', -0.3443, -0.008603),
('2018-02-01', 'middle_east_tension', '中东紧张指数', 'GEOPOLITICAL', 0.0000, -0.020674),
('2018-02-01', 'russia_ukraine_risk', '俄乌风险指数', 'GEOPOLITICAL', 0.0000, -0.029302),
('2018-02-01', 'gpr_index', '地缘政治风险指数', 'SENTIMENT', 64.4914, -0.041687),
('2018-02-01', 'news_sentiment', '新闻情绪指数', 'SENTIMENT', -0.1220, 0.027426),
('2018-03-01', 'crude_inventory', '原油库存变化', 'SUPPLY_DEMAND', -7.9338, 0.029169),
('2018-03-01', 'opec_output', 'OPEC产量', 'SUPPLY_DEMAND', 31858.4309, -0.021207),
('2018-03-01', 'us_dollar_index', '美元指数', 'MACRO', 89.9067, 0.020944),
('2018-03-01', 'cpi_expectation', 'CPI通胀预期', 'MACRO', 2.0897, 0.003818),
('2018-03-01', 'vix_index', 'VIX恐慌指数', 'FINANCIAL', 19.0077, 0.004664),
('2018-03-01', 'brent_change_rate', '布伦特价格变化率', 'FINANCIAL', 0.7874, 0.014229),
('2018-03-01', 'middle_east_tension', '中东紧张指数', 'GEOPOLITICAL', 0.0000, -0.020674),
('2018-03-01', 'russia_ukraine_risk', '俄乌风险指数', 'GEOPOLITICAL', 0.0000, -0.029302),
('2018-03-01', 'gpr_index', '地缘政治风险指数', 'SENTIMENT', 111.9623, 0.000983),
('2018-03-01', 'news_sentiment', '新闻情绪指数', 'SENTIMENT', -0.1094, 0.024475),
('2018-04-01', 'crude_inventory', '原油库存变化', 'SUPPLY_DEMAND', 19.2433, -0.068079),
('2018-04-01', 'opec_output', 'OPEC产量', 'SUPPLY_DEMAND', 31817.5583, -0.020812),
('2018-04-01', 'us_dollar_index', '美元指数', 'MACRO', 90.3257, 0.019901),
('2018-04-01', 'cpi_expectation', 'CPI通胀预期', 'MACRO', 2.1270, 0.005822),
('2018-04-01', 'vix_index', 'VIX恐慌指数', 'FINANCIAL', 18.1990, -0.000334),
('2018-04-01', 'brent_change_rate', '布伦特价格变化率', 'FINANCIAL', 0.2177, 0.002734),
('2018-04-01', 'middle_east_tension', '中东紧张指数', 'GEOPOLITICAL', 0.0000, -0.020674),
('2018-04-01', 'russia_ukraine_risk', '俄乌风险指数', 'GEOPOLITICAL', 0.0000, -0.029302),
('2018-04-01', 'gpr_index', '地缘政治风险指数', 'SENTIMENT', 123.2635, 0.011141),
('2018-04-01', 'news_sentiment', '新闻情绪指数', 'SENTIMENT', -0.2227, 0.050985);

INSERT INTO risk_factor (`date`, factor_name, factor_name_zh, category, `value`, shap_value) VALUES
('2018-05-01', 'crude_inventory', '原油库存变化', 'SUPPLY_DEMAND', 2.9678, -0.009840),
('2018-05-01', 'opec_output', 'OPEC产量', 'SUPPLY_DEMAND', 31697.5321, -0.019652),
('2018-05-01', 'us_dollar_index', '美元指数', 'MACRO', 93.3489, 0.012375),
('2018-05-01', 'cpi_expectation', 'CPI通胀预期', 'MACRO', 2.1390, 0.006468),
('2018-05-01', 'vix_index', 'VIX恐慌指数', 'FINANCIAL', 13.9381, -0.026664),
('2018-05-01', 'brent_change_rate', '布伦特价格变化率', 'FINANCIAL', -0.0652, -0.002972),
('2018-05-01', 'middle_east_tension', '中东紧张指数', 'GEOPOLITICAL', 0.0000, -0.020674),
('2018-05-01', 'russia_ukraine_risk', '俄乌风险指数', 'GEOPOLITICAL', 0.0000, -0.029302),
('2018-05-01', 'gpr_index', '地缘政治风险指数', 'SENTIMENT', 125.6666, 0.013302),
('2018-05-01', 'news_sentiment', '新闻情绪指数', 'SENTIMENT', -0.1104, 0.024716),
('2018-06-01', 'crude_inventory', '原油库存变化', 'SUPPLY_DEMAND', -11.0391, 0.040281),
('2018-06-01', 'opec_output', 'OPEC产量', 'SUPPLY_DEMAND', 31728.2320, -0.019949),
('2018-06-01', 'us_dollar_index', '美元指数', 'MACRO', 94.3523, 0.009877),
('2018-06-01', 'cpi_expectation', 'CPI通胀预期', 'MACRO', 2.1153, 0.005196),
('2018-06-01', 'vix_index', 'VIX恐慌指数', 'FINANCIAL', 13.5370, -0.029143),
('2018-06-01', 'brent_change_rate', '布伦特价格变化率', 'FINANCIAL', 0.0230, -0.001193),
('2018-06-01', 'middle_east_tension', '中东紧张指数', 'GEOPOLITICAL', 0.0000, -0.020674),
('2018-06-01', 'russia_ukraine_risk', '俄乌风险指数', 'GEOPOLITICAL', 0.0000, -0.029302),
('2018-06-01', 'gpr_index', '地缘政治风险指数', 'SENTIMENT', 103.9686, -0.006202),
('2018-06-01', 'news_sentiment', '新闻情绪指数', 'SENTIMENT', -0.0909, 0.020169),
('2018-07-01', 'crude_inventory', '原油库存变化', 'SUPPLY_DEMAND', -23.2750, 0.084066),
('2018-07-01', 'opec_output', 'OPEC产量', 'SUPPLY_DEMAND', 31775.1687, -0.020402),
('2018-07-01', 'us_dollar_index', '美元指数', 'MACRO', 94.5517, 0.009380),
('2018-07-01', 'cpi_expectation', 'CPI通胀预期', 'MACRO', 2.1145, 0.005152),
('2018-07-01', 'vix_index', 'VIX恐慌指数', 'FINANCIAL', 13.2648, -0.030825),
('2018-07-01', 'brent_change_rate', '布伦特价格变化率', 'FINANCIAL', -0.0613, -0.002894),
('2018-07-01', 'middle_east_tension', '中东紧张指数', 'GEOPOLITICAL', 0.0000, -0.020674),
('2018-07-01', 'russia_ukraine_risk', '俄乌风险指数', 'GEOPOLITICAL', 0.0000, -0.029302),
('2018-07-01', 'gpr_index', '地缘政治风险指数', 'SENTIMENT', 110.0284, -0.000755),
('2018-07-01', 'news_sentiment', '新闻情绪指数', 'SENTIMENT', -0.1942, 0.044313),
('2018-08-01', 'crude_inventory', '原油库存变化', 'SUPPLY_DEMAND', -5.8627, 0.021758),
('2018-08-01', 'opec_output', 'OPEC产量', 'SUPPLY_DEMAND', 32009.7175, -0.022670),
('2018-08-01', 'us_dollar_index', '美元指数', 'MACRO', 95.5337, 0.006935),
('2018-08-01', 'cpi_expectation', 'CPI通胀预期', 'MACRO', 2.0981, 0.004268),
('2018-08-01', 'vix_index', 'VIX恐慌指数', 'FINANCIAL', 12.4981, -0.035563),
('2018-08-01', 'brent_change_rate', '布伦特价格变化率', 'FINANCIAL', 0.3174, 0.004747),
('2018-08-01', 'middle_east_tension', '中东紧张指数', 'GEOPOLITICAL', 0.0000, -0.020674),
('2018-08-01', 'russia_ukraine_risk', '俄乌风险指数', 'GEOPOLITICAL', 0.0000, -0.029302),
('2018-08-01', 'gpr_index', '地缘政治风险指数', 'SENTIMENT', 112.7417, 0.001684),
('2018-08-01', 'news_sentiment', '新闻情绪指数', 'SENTIMENT', -0.1232, 0.027720),
('2018-09-01', 'crude_inventory', '原油库存变化', 'SUPPLY_DEMAND', 0.1424, 0.000270),
('2018-09-01', 'opec_output', 'OPEC产量', 'SUPPLY_DEMAND', 32125.6893, -0.023791),
('2018-09-01', 'us_dollar_index', '美元指数', 'MACRO', 94.8427, 0.008656),
('2018-09-01', 'cpi_expectation', 'CPI通胀预期', 'MACRO', 2.1187, 0.005375),
('2018-09-01', 'vix_index', 'VIX恐慌指数', 'FINANCIAL', 12.8460, -0.033413),
('2018-09-01', 'brent_change_rate', '布伦特价格变化率', 'FINANCIAL', 0.3060, 0.004516),
('2018-09-01', 'middle_east_tension', '中东紧张指数', 'GEOPOLITICAL', 0.0000, -0.020674),
('2018-09-01', 'russia_ukraine_risk', '俄乌风险指数', 'GEOPOLITICAL', 0.0000, -0.029302),
('2018-09-01', 'gpr_index', '地缘政治风险指数', 'SENTIMENT', 75.0539, -0.032193),
('2018-09-01', 'news_sentiment', '新闻情绪指数', 'SENTIMENT', -0.0637, 0.013804);

INSERT INTO risk_factor (`date`, factor_name, factor_name_zh, category, `value`, shap_value) VALUES
('2018-10-01', 'crude_inventory', '原油库存变化', 'SUPPLY_DEMAND', 22.1149, -0.078355),
('2018-10-01', 'opec_output', 'OPEC产量', 'SUPPLY_DEMAND', 32325.5243, -0.025723),
('2018-10-01', 'us_dollar_index', '美元指数', 'MACRO', 95.8441, 0.006163),
('2018-10-01', 'cpi_expectation', 'CPI通胀预期', 'MACRO', 2.1132, 0.005083),
('2018-10-01', 'vix_index', 'VIX恐慌指数', 'FINANCIAL', 19.5310, 0.007897),
('2018-10-01', 'brent_change_rate', '布伦特价格变化率', 'FINANCIAL', -0.2032, -0.005757),
('2018-10-01', 'middle_east_tension', '中东紧张指数', 'GEOPOLITICAL', 0.0000, -0.020674),
('2018-10-01', 'russia_ukraine_risk', '俄乌风险指数', 'GEOPOLITICAL', 0.0000, -0.029302),
('2018-10-01', 'gpr_index', '地缘政治风险指数', 'SENTIMENT', 92.0165, -0.016946),
('2018-10-01', 'news_sentiment', '新闻情绪指数', 'SENTIMENT', -0.0814, 0.017931),
('2018-11-01', 'crude_inventory', '原油库存变化', 'SUPPLY_DEMAND', 23.5850, -0.083616),
('2018-11-01', 'opec_output', 'OPEC产量', 'SUPPLY_DEMAND', 32040.3003, -0.022966),
('2018-11-01', 'us_dollar_index', '美元指数', 'MACRO', 96.7519, 0.003903),
('2018-11-01', 'cpi_expectation', 'CPI通胀预期', 'MACRO', 2.0083, -0.000551),
('2018-11-01', 'vix_index', 'VIX恐慌指数', 'FINANCIAL', 19.3677, 0.006888),
('2018-11-01', 'brent_change_rate', '布伦特价格变化率', 'FINANCIAL', -1.2497, -0.026870),
('2018-11-01', 'middle_east_tension', '中东紧张指数', 'GEOPOLITICAL', 0.0000, -0.020674),
('2018-11-01', 'russia_ukraine_risk', '俄乌风险指数', 'GEOPOLITICAL', 0.0000, -0.029302),
('2018-11-01', 'gpr_index', '地缘政治风险指数', 'SENTIMENT', 80.4076, -0.027381),
('2018-11-01', 'news_sentiment', '新闻情绪指数', 'SENTIMENT', -0.1783, 0.040599),
('2018-12-01', 'crude_inventory', '原油库存变化', 'SUPPLY_DEMAND', 13.5478, -0.047699),
('2018-12-01', 'opec_output', 'OPEC产量', 'SUPPLY_DEMAND', 31280.2746, -0.015618),
('2018-12-01', 'us_dollar_index', '美元指数', 'MACRO', 96.9062, 0.003519),
('2018-12-01', 'cpi_expectation', 'CPI通胀预期', 'MACRO', 1.8245, -0.010423),
('2018-12-01', 'vix_index', 'VIX恐慌指数', 'FINANCIAL', 24.9574, 0.041431),
('2018-12-01', 'brent_change_rate', '布伦特价格变化率', 'FINANCIAL', -0.5365, -0.012480),
('2018-12-01', 'middle_east_tension', '中东紧张指数', 'GEOPOLITICAL', 0.0000, -0.020674),
('2018-12-01', 'russia_ukraine_risk', '俄乌风险指数', 'GEOPOLITICAL', 0.0000, -0.029302),
('2018-12-01', 'gpr_index', '地缘政治风险指数', 'SENTIMENT', 90.6077, -0.018212),
('2018-12-01', 'news_sentiment', '新闻情绪指数', 'SENTIMENT', -0.0546, 0.011668),
('2019-01-01', 'crude_inventory', '原油库存变化', 'SUPPLY_DEMAND', 3.5583, -0.011953),
('2019-01-01', 'opec_output', 'OPEC产量', 'SUPPLY_DEMAND', 30543.5887, -0.008496),
('2019-01-01', 'us_dollar_index', '美元指数', 'MACRO', 95.9802, 0.005824),
('2019-01-01', 'cpi_expectation', 'CPI通胀预期', 'MACRO', 1.7945, -0.012034),
('2019-01-01', 'vix_index', 'VIX恐慌指数', 'FINANCIAL', 19.4781, 0.007571),
('2019-01-01', 'brent_change_rate', '布伦特价格变化率', 'FINANCIAL', 0.7832, 0.014145),
('2019-01-01', 'middle_east_tension', '中东紧张指数', 'GEOPOLITICAL', 0.0000, -0.020674),
('2019-01-01', 'russia_ukraine_risk', '俄乌风险指数', 'GEOPOLITICAL', 0.0000, -0.029302),
('2019-01-01', 'gpr_index', '地缘政治风险指数', 'SENTIMENT', 87.4241, -0.021074),
('2019-01-01', 'news_sentiment', '新闻情绪指数', 'SENTIMENT', 0.0135, -0.004253),
('2019-02-01', 'crude_inventory', '原油库存变化', 'SUPPLY_DEMAND', 5.6919, -0.019588),
('2019-02-01', 'opec_output', 'OPEC产量', 'SUPPLY_DEMAND', 30648.5619, -0.009511),
('2019-02-01', 'us_dollar_index', '美元指数', 'MACRO', 96.4796, 0.004581),
('2019-02-01', 'cpi_expectation', 'CPI通胀预期', 'MACRO', 1.8736, -0.007788),
('2019-02-01', 'vix_index', 'VIX恐慌指数', 'FINANCIAL', 15.1761, -0.019014),
('2019-02-01', 'brent_change_rate', '布伦特价格变化率', 'FINANCIAL', 0.5829, 0.010102),
('2019-02-01', 'middle_east_tension', '中东紧张指数', 'GEOPOLITICAL', 0.0000, -0.020674),
('2019-02-01', 'russia_ukraine_risk', '俄乌风险指数', 'GEOPOLITICAL', 0.0000, -0.029302),
('2019-02-01', 'gpr_index', '地缘政治风险指数', 'SENTIMENT', 96.8002, -0.012646),
('2019-02-01', 'news_sentiment', '新闻情绪指数', 'SENTIMENT', 0.0086, -0.003116);

INSERT INTO risk_factor (`date`, factor_name, factor_name_zh, category, `value`, shap_value) VALUES
('2019-03-01', 'crude_inventory', '原油库存变化', 'SUPPLY_DEMAND', 6.7390, -0.023335),
('2019-03-01', 'opec_output', 'OPEC产量', 'SUPPLY_DEMAND', 30188.4232, -0.005062),
('2019-03-01', 'us_dollar_index', '美元指数', 'MACRO', 96.8036, 0.003774),
('2019-03-01', 'cpi_expectation', 'CPI通胀预期', 'MACRO', 1.9139, -0.005624),
('2019-03-01', 'vix_index', 'VIX恐慌指数', 'FINANCIAL', 14.5023, -0.023178),
('2019-03-01', 'brent_change_rate', '布伦特价格变化率', 'FINANCIAL', -0.0619, -0.002907),
('2019-03-01', 'middle_east_tension', '中东紧张指数', 'GEOPOLITICAL', 0.0000, -0.020674),
('2019-03-01', 'russia_ukraine_risk', '俄乌风险指数', 'GEOPOLITICAL', 0.0000, -0.029302),
('2019-03-01', 'gpr_index', '地缘政治风险指数', 'SENTIMENT', 82.3283, -0.025654),
('2019-03-01', 'news_sentiment', '新闻情绪指数', 'SENTIMENT', 0.0643, -0.016129),
('2019-04-01', 'crude_inventory', '原油库存变化', 'SUPPLY_DEMAND', -3.2911, 0.012556),
('2019-04-01', 'opec_output', 'OPEC产量', 'SUPPLY_DEMAND', 30296.4819, -0.006107),
('2019-04-01', 'us_dollar_index', '美元指数', 'MACRO', 97.3849, 0.002327),
('2019-04-01', 'cpi_expectation', 'CPI通胀预期', 'MACRO', 1.9387, -0.004292),
('2019-04-01', 'vix_index', 'VIX恐慌指数', 'FINANCIAL', 12.7773, -0.033837),
('2019-04-01', 'brent_change_rate', '布伦特价格变化率', 'FINANCIAL', 0.2227, 0.002835),
('2019-04-01', 'middle_east_tension', '中东紧张指数', 'GEOPOLITICAL', 0.0000, -0.020674),
('2019-04-01', 'russia_ukraine_risk', '俄乌风险指数', 'GEOPOLITICAL', 0.0000, -0.029302),
('2019-04-01', 'gpr_index', '地缘政治风险指数', 'SENTIMENT', 79.2534, -0.028418),
('2019-04-01', 'news_sentiment', '新闻情绪指数', 'SENTIMENT', -0.1179, 0.026482),
('2019-05-01', 'crude_inventory', '原油库存变化', 'SUPPLY_DEMAND', 5.5006, -0.018904),
('2019-05-01', 'opec_output', 'OPEC产量', 'SUPPLY_DEMAND', 29943.3978, -0.002694),
('2019-05-01', 'us_dollar_index', '美元指数', 'MACRO', 97.7141, 0.001507),
('2019-05-01', 'cpi_expectation', 'CPI通胀预期', 'MACRO', 1.8277, -0.010250),
('2019-05-01', 'vix_index', 'VIX恐慌指数', 'FINANCIAL', 16.2958, -0.012094),
('2019-05-01', 'brent_change_rate', '布伦特价格变化率', 'FINANCIAL', -0.2965, -0.007638),
('2019-05-01', 'middle_east_tension', '中东紧张指数', 'GEOPOLITICAL', 0.0000, -0.020674),
('2019-05-01', 'russia_ukraine_risk', '俄乌风险指数', 'GEOPOLITICAL', 0.0000, -0.029302),
('2019-05-01', 'gpr_index', '地缘政治风险指数', 'SENTIMENT', 106.4719, -0.003952),
('2019-05-01', 'news_sentiment', '新闻情绪指数', 'SENTIMENT', -0.0570, 0.012226),
('2019-06-01', 'crude_inventory', '原油库存变化', 'SUPPLY_DEMAND', 9.3451, -0.032660),
('2019-06-01', 'opec_output', 'OPEC产量', 'SUPPLY_DEMAND', 30065.8583, -0.003877),
('2019-06-01', 'us_dollar_index', '美元指数', 'MACRO', 96.8402, 0.003683),
('2019-06-01', 'cpi_expectation', 'CPI通胀预期', 'MACRO', 1.7020, -0.017003),
('2019-06-01', 'vix_index', 'VIX恐慌指数', 'FINANCIAL', 15.9420, -0.014281),
('2019-06-01', 'brent_change_rate', '布伦特价格变化率', 'FINANCIAL', 0.2120, 0.002620),
('2019-06-01', 'middle_east_tension', '中东紧张指数', 'GEOPOLITICAL', 0.0000, -0.020674),
('2019-06-01', 'russia_ukraine_risk', '俄乌风险指数', 'GEOPOLITICAL', 0.0000, -0.029302),
('2019-06-01', 'gpr_index', '地缘政治风险指数', 'SENTIMENT', 106.5885, -0.003847),
('2019-06-01', 'news_sentiment', '新闻情绪指数', 'SENTIMENT', 0.0429, -0.011120),
('2019-07-01', 'crude_inventory', '原油库存变化', 'SUPPLY_DEMAND', -2.8606, 0.011016),
('2019-07-01', 'opec_output', 'OPEC产量', 'SUPPLY_DEMAND', 29669.0768, -0.000042),
('2019-07-01', 'us_dollar_index', '美元指数', 'MACRO', 97.3292, 0.002466),
('2019-07-01', 'cpi_expectation', 'CPI通胀预期', 'MACRO', 1.7513, -0.014356),
('2019-07-01', 'vix_index', 'VIX恐慌指数', 'FINANCIAL', 13.2213, -0.031094),
('2019-07-01', 'brent_change_rate', '布伦特价格变化率', 'FINANCIAL', 0.1223, 0.000809),
('2019-07-01', 'middle_east_tension', '中东紧张指数', 'GEOPOLITICAL', 0.0000, -0.020674),
('2019-07-01', 'russia_ukraine_risk', '俄乌风险指数', 'GEOPOLITICAL', 0.0000, -0.029302),
('2019-07-01', 'gpr_index', '地缘政治风险指数', 'SENTIMENT', 93.5213, -0.015593),
('2019-07-01', 'news_sentiment', '新闻情绪指数', 'SENTIMENT', 0.0885, -0.021783);

INSERT INTO risk_factor (`date`, factor_name, factor_name_zh, category, `value`, shap_value) VALUES
('2019-08-01', 'crude_inventory', '原油库存变化', 'SUPPLY_DEMAND', -14.1873, 0.051547),
('2019-08-01', 'opec_output', 'OPEC产量', 'SUPPLY_DEMAND', 29876.1595, -0.002043),
('2019-08-01', 'us_dollar_index', '美元指数', 'MACRO', 98.0050, 0.000783),
('2019-08-01', 'cpi_expectation', 'CPI通胀预期', 'MACRO', 1.5887, -0.023087),
('2019-08-01', 'vix_index', 'VIX恐慌指数', 'FINANCIAL', 18.8503, 0.003691),
('2019-08-01', 'brent_change_rate', '布伦特价格变化率', 'FINANCIAL', 0.0071, -0.001514),
('2019-08-01', 'middle_east_tension', '中东紧张指数', 'GEOPOLITICAL', 0.0000, -0.020674),
('2019-08-01', 'russia_ukraine_risk', '俄乌风险指数', 'GEOPOLITICAL', 0.0000, -0.029302),
('2019-08-01', 'gpr_index', '地缘政治风险指数', 'SENTIMENT', 103.4044, -0.006709),
('2019-08-01', 'news_sentiment', '新闻情绪指数', 'SENTIMENT', 0.0842, -0.020787),
('2019-09-01', 'crude_inventory', '原油库存变化', 'SUPPLY_DEMAND', -8.6582, 0.031762),
('2019-09-01', 'opec_output', 'OPEC产量', 'SUPPLY_DEMAND', 28343.9778, 0.012769),
('2019-09-01', 'us_dollar_index', '美元指数', 'MACRO', 98.6126, -0.000729),
('2019-09-01', 'cpi_expectation', 'CPI通胀预期', 'MACRO', 1.5847, -0.023304),
('2019-09-01', 'vix_index', 'VIX恐慌指数', 'FINANCIAL', 15.7233, -0.015632),
('2019-09-01', 'brent_change_rate', '布伦特价格变化率', 'FINANCIAL', -0.0210, -0.002081),
('2019-09-01', 'middle_east_tension', '中东紧张指数', 'GEOPOLITICAL', 1.2000, 0.038860),
('2019-09-01', 'russia_ukraine_risk', '俄乌风险指数', 'GEOPOLITICAL', 0.0000, -0.029302),
('2019-09-01', 'gpr_index', '地缘政治风险指数', 'SENTIMENT', 90.3680, -0.018427),
('2019-09-01', 'news_sentiment', '新闻情绪指数', 'SENTIMENT', 0.1106, -0.026964),
('2019-10-01', 'crude_inventory', '原油库存变化', 'SUPPLY_DEMAND', 9.0593, -0.031637),
('2019-10-01', 'opec_output', 'OPEC产量', 'SUPPLY_DEMAND', 29805.5342, -0.001361),
('2019-10-01', 'us_dollar_index', '美元指数', 'MACRO', 98.1417, 0.000443),
('2019-10-01', 'cpi_expectation', 'CPI通胀预期', 'MACRO', 1.5652, -0.024352),
('2019-10-01', 'vix_index', 'VIX恐慌指数', 'FINANCIAL', 15.3152, -0.018154),
('2019-10-01', 'brent_change_rate', '布伦特价格变化率', 'FINANCIAL', 0.1890, 0.002157),
('2019-10-01', 'middle_east_tension', '中东紧张指数', 'GEOPOLITICAL', 0.0000, -0.020674),
('2019-10-01', 'russia_ukraine_risk', '俄乌风险指数', 'GEOPOLITICAL', 0.0000, -0.029302),
('2019-10-01', 'gpr_index', '地缘政治风险指数', 'SENTIMENT', 97.8367, -0.011714),
('2019-10-01', 'news_sentiment', '新闻情绪指数', 'SENTIMENT', 0.1263, -0.030635),
('2019-11-01', 'crude_inventory', '原油库存变化', 'SUPPLY_DEMAND', 4.7007, -0.016041),
('2019-11-01', 'opec_output', 'OPEC产量', 'SUPPLY_DEMAND', 29727.7536, -0.000609),
('2019-11-01', 'us_dollar_index', '美元指数', 'MACRO', 98.0561, 0.000656),
('2019-11-01', 'cpi_expectation', 'CPI通胀预期', 'MACRO', 1.6407, -0.020297),
('2019-11-01', 'vix_index', 'VIX恐慌指数', 'FINANCIAL', 12.4120, -0.036095),
('2019-11-01', 'brent_change_rate', '布伦特价格变化率', 'FINANCIAL', 0.2850, 0.004093),
('2019-11-01', 'middle_east_tension', '中东紧张指数', 'GEOPOLITICAL', 0.0000, -0.020674),
('2019-11-01', 'russia_ukraine_risk', '俄乌风险指数', 'GEOPOLITICAL', 0.0000, -0.029302),
('2019-11-01', 'gpr_index', '地缘政治风险指数', 'SENTIMENT', 73.0784, -0.033969),
('2019-11-01', 'news_sentiment', '新闻情绪指数', 'SENTIMENT', 0.0604, -0.015213),
('2019-12-01', 'crude_inventory', '原油库存变化', 'SUPPLY_DEMAND', -12.9053, 0.046959),
('2019-12-01', 'opec_output', 'OPEC产量', 'SUPPLY_DEMAND', 29494.4639, 0.001647),
('2019-12-01', 'us_dollar_index', '美元指数', 'MACRO', 97.4212, 0.002237),
('2019-12-01', 'cpi_expectation', 'CPI通胀预期', 'MACRO', 1.7168, -0.016209),
('2019-12-01', 'vix_index', 'VIX恐慌指数', 'FINANCIAL', 13.5019, -0.029359),
('2019-12-01', 'brent_change_rate', '布伦特价格变化率', 'FINANCIAL', 0.3413, 0.005228),
('2019-12-01', 'middle_east_tension', '中东紧张指数', 'GEOPOLITICAL', 0.0000, -0.020674),
('2019-12-01', 'russia_ukraine_risk', '俄乌风险指数', 'GEOPOLITICAL', 0.0000, -0.029302),
('2019-12-01', 'gpr_index', '地缘政治风险指数', 'SENTIMENT', 74.2799, -0.032889),
('2019-12-01', 'news_sentiment', '新闻情绪指数', 'SENTIMENT', -0.0164, 0.002730);

INSERT INTO risk_factor (`date`, factor_name, factor_name_zh, category, `value`, shap_value) VALUES
('2020-01-01', 'crude_inventory', '原油库存变化', 'SUPPLY_DEMAND', -10.3195, 0.037706),
('2020-01-01', 'opec_output', 'OPEC产量', 'SUPPLY_DEMAND', 29127.7735, 0.005192),
('2020-01-01', 'us_dollar_index', '美元指数', 'MACRO', 97.4176, 0.002245),
('2020-01-01', 'cpi_expectation', 'CPI通胀预期', 'MACRO', 1.7284, -0.015586),
('2020-01-01', 'vix_index', 'VIX恐慌指数', 'FINANCIAL', 13.7135, -0.028052),
('2020-01-01', 'brent_change_rate', '布伦特价格变化率', 'FINANCIAL', -0.4410, -0.010554),
('2020-01-01', 'middle_east_tension', '中东紧张指数', 'GEOPOLITICAL', 0.0000, -0.020674),
('2020-01-01', 'russia_ukraine_risk', '俄乌风险指数', 'GEOPOLITICAL', 0.0000, -0.029302),
('2020-01-01', 'gpr_index', '地缘政治风险指数', 'SENTIMENT', 138.4209, 0.024766),
('2020-01-01', 'news_sentiment', '新闻情绪指数', 'SENTIMENT', -0.0778, 0.017094),
('2020-02-01', 'crude_inventory', '原油库存变化', 'SUPPLY_DEMAND', 7.1454, -0.024789),
('2020-02-01', 'opec_output', 'OPEC产量', 'SUPPLY_DEMAND', 28423.5058, 0.012000),
('2020-02-01', 'us_dollar_index', '美元指数', 'MACRO', 98.7875, -0.001165),
('2020-02-01', 'cpi_expectation', 'CPI通胀预期', 'MACRO', 1.6183, -0.021499),
('2020-02-01', 'vix_index', 'VIX恐慌指数', 'FINANCIAL', 19.2028, 0.005869),
('2020-02-01', 'brent_change_rate', '布伦特价格变化率', 'FINANCIAL', -0.6214, -0.014194),
('2020-02-01', 'middle_east_tension', '中东紧张指数', 'GEOPOLITICAL', 0.0000, -0.020674),
('2020-02-01', 'russia_ukraine_risk', '俄乌风险指数', 'GEOPOLITICAL', 0.0000, -0.029302),
('2020-02-01', 'gpr_index', '地缘政治风险指数', 'SENTIMENT', 75.9556, -0.031382),
('2020-02-01', 'news_sentiment', '新闻情绪指数', 'SENTIMENT', -0.1517, 0.034383),
('2020-03-01', 'crude_inventory', '原油库存变化', 'SUPPLY_DEMAND', 2.3904, -0.007774),
('2020-03-01', 'opec_output', 'OPEC产量', 'SUPPLY_DEMAND', 28554.2119, 0.010737),
('2020-03-01', 'us_dollar_index', '美元指数', 'MACRO', 98.7781, -0.001141),
('2020-03-01', 'cpi_expectation', 'CPI通胀预期', 'MACRO', 0.9974, -0.054843),
('2020-03-01', 'vix_index', 'VIX恐慌指数', 'FINANCIAL', 57.1942, 0.150000),
('2020-03-01', 'brent_change_rate', '布伦特价格变化率', 'FINANCIAL', -3.5816, -0.073917),
('2020-03-01', 'middle_east_tension', '中东紧张指数', 'GEOPOLITICAL', 0.0000, -0.020674),
('2020-03-01', 'russia_ukraine_risk', '俄乌风险指数', 'GEOPOLITICAL', 0.0000, -0.029302),
('2020-03-01', 'gpr_index', '地缘政治风险指数', 'SENTIMENT', 81.5400, -0.026363),
('2020-03-01', 'news_sentiment', '新闻情绪指数', 'SENTIMENT', -0.1324, 0.029855),
('2020-04-01', 'crude_inventory', '原油库存变化', 'SUPPLY_DEMAND', 43.2770, -0.150000),
('2020-04-01', 'opec_output', 'OPEC产量', 'SUPPLY_DEMAND', 30641.2607, -0.009440),
('2020-04-01', 'us_dollar_index', '美元指数', 'MACRO', 99.9095, -0.003958),
('2020-04-01', 'cpi_expectation', 'CPI通胀预期', 'MACRO', 1.1087, -0.048869),
('2020-04-01', 'vix_index', 'VIX恐慌指数', 'FINANCIAL', 41.2433, 0.142070),
('2020-04-01', 'brent_change_rate', '布伦特价格变化率', 'FINANCIAL', 1.2830, 0.024228),
('2020-04-01', 'middle_east_tension', '中东紧张指数', 'GEOPOLITICAL', 0.0000, -0.020674),
('2020-04-01', 'russia_ukraine_risk', '俄乌风险指数', 'GEOPOLITICAL', 0.0000, -0.029302),
('2020-04-01', 'gpr_index', '地缘政治风险指数', 'SENTIMENT', 69.3394, -0.037330),
('2020-04-01', 'news_sentiment', '新闻情绪指数', 'SENTIMENT', -0.1810, 0.041217),
('2020-05-01', 'crude_inventory', '原油库存变化', 'SUPPLY_DEMAND', 5.1830, -0.017767),
('2020-05-01', 'opec_output', 'OPEC产量', 'SUPPLY_DEMAND', 24775.6383, 0.047266),
('2020-05-01', 'us_dollar_index', '美元指数', 'MACRO', 99.5415, -0.003042),
('2020-05-01', 'cpi_expectation', 'CPI通胀预期', 'MACRO', 1.1132, -0.048624),
('2020-05-01', 'vix_index', 'VIX恐慌指数', 'FINANCIAL', 30.6955, 0.076889),
('2020-05-01', 'brent_change_rate', '布伦特价格变化率', 'FINANCIAL', 1.9035, 0.036747),
('2020-05-01', 'middle_east_tension', '中东紧张指数', 'GEOPOLITICAL', 0.0000, -0.020674),
('2020-05-01', 'russia_ukraine_risk', '俄乌风险指数', 'GEOPOLITICAL', 0.0000, -0.029302),
('2020-05-01', 'gpr_index', '地缘政治风险指数', 'SENTIMENT', 68.5072, -0.038078),
('2020-05-01', 'news_sentiment', '新闻情绪指数', 'SENTIMENT', -0.2655, 0.060982);

INSERT INTO risk_factor (`date`, factor_name, factor_name_zh, category, `value`, shap_value) VALUES
('2020-06-01', 'crude_inventory', '原油库存变化', 'SUPPLY_DEMAND', -18.9451, 0.068572),
('2020-06-01', 'opec_output', 'OPEC产量', 'SUPPLY_DEMAND', 22876.2189, 0.065629),
('2020-06-01', 'us_dollar_index', '美元指数', 'MACRO', 97.1519, 0.002907),
('2020-06-01', 'cpi_expectation', 'CPI通胀预期', 'MACRO', 1.2737, -0.040007),
('2020-06-01', 'vix_index', 'VIX恐慌指数', 'FINANCIAL', 31.5183, 0.081974),
('2020-06-01', 'brent_change_rate', '布伦特价格变化率', 'FINANCIAL', 1.0730, 0.019991),
('2020-06-01', 'middle_east_tension', '中东紧张指数', 'GEOPOLITICAL', 0.0000, -0.020674),
('2020-06-01', 'russia_ukraine_risk', '俄乌风险指数', 'GEOPOLITICAL', 0.0000, -0.029302),
('2020-06-01', 'gpr_index', '地缘政治风险指数', 'SENTIMENT', 71.2279, -0.035632),
('2020-06-01', 'news_sentiment', '新闻情绪指数', 'SENTIMENT', -0.3641, 0.084042),
('2020-07-01', 'crude_inventory', '原油库存变化', 'SUPPLY_DEMAND', 3.5327, -0.011862),
('2020-07-01', 'opec_output', 'OPEC产量', 'SUPPLY_DEMAND', 23586.5222, 0.058762),
('2020-07-01', 'us_dollar_index', '美元指数', 'MACRO', 95.7121, 0.006491),
('2020-07-01', 'cpi_expectation', 'CPI通胀预期', 'MACRO', 1.4526, -0.030398),
('2020-07-01', 'vix_index', 'VIX恐慌指数', 'FINANCIAL', 26.8113, 0.052887),
('2020-07-01', 'brent_change_rate', '布伦特价格变化率', 'FINANCIAL', 0.2261, 0.002905),
('2020-07-01', 'middle_east_tension', '中东紧张指数', 'GEOPOLITICAL', 0.0000, -0.020674),
('2020-07-01', 'russia_ukraine_risk', '俄乌风险指数', 'GEOPOLITICAL', 0.0000, -0.029302),
('2020-07-01', 'gpr_index', '地缘政治风险指数', 'SENTIMENT', 66.4733, -0.039906),
('2020-07-01', 'news_sentiment', '新闻情绪指数', 'SENTIMENT', -0.4545, 0.105177),
('2020-08-01', 'crude_inventory', '原油库存变化', 'SUPPLY_DEMAND', 6.5945, -0.022818),
('2020-08-01', 'opec_output', 'OPEC产量', 'SUPPLY_DEMAND', 24539.4675, 0.049550),
('2020-08-01', 'us_dollar_index', '美元指数', 'MACRO', 93.0538, 0.013109),
('2020-08-01', 'cpi_expectation', 'CPI通胀预期', 'MACRO', 1.6558, -0.019484),
('2020-08-01', 'vix_index', 'VIX恐慌指数', 'FINANCIAL', 22.8748, 0.028561),
('2020-08-01', 'brent_change_rate', '布伦特价格变化率', 'FINANCIAL', -0.0035, -0.001729),
('2020-08-01', 'middle_east_tension', '中东紧张指数', 'GEOPOLITICAL', 0.0000, -0.020674),
('2020-08-01', 'russia_ukraine_risk', '俄乌风险指数', 'GEOPOLITICAL', 0.0000, -0.029302),
('2020-08-01', 'gpr_index', '地缘政治风险指数', 'SENTIMENT', 65.4660, -0.040811),
('2020-08-01', 'news_sentiment', '新闻情绪指数', 'SENTIMENT', -0.5915, 0.137220),
('2020-09-01', 'crude_inventory', '原油库存变化', 'SUPPLY_DEMAND', 3.5811, -0.012035),
('2020-09-01', 'opec_output', 'OPEC产量', 'SUPPLY_DEMAND', 24501.5100, 0.049916),
('2020-09-01', 'us_dollar_index', '美元指数', 'MACRO', 93.4109, 0.012220),
('2020-09-01', 'cpi_expectation', 'CPI通胀预期', 'MACRO', 1.6560, -0.019473),
('2020-09-01', 'vix_index', 'VIX恐慌指数', 'FINANCIAL', 27.7003, 0.058381),
('2020-09-01', 'brent_change_rate', '布伦特价格变化率', 'FINANCIAL', -0.5927, -0.013614),
('2020-09-01', 'middle_east_tension', '中东紧张指数', 'GEOPOLITICAL', 0.0000, -0.020674),
('2020-09-01', 'russia_ukraine_risk', '俄乌风险指数', 'GEOPOLITICAL', 0.0000, -0.029302),
('2020-09-01', 'gpr_index', '地缘政治风险指数', 'SENTIMENT', 80.3774, -0.027408),
('2020-09-01', 'news_sentiment', '新闻情绪指数', 'SENTIMENT', -0.6300, 0.146218),
('2020-10-01', 'crude_inventory', '原油库存变化', 'SUPPLY_DEMAND', 8.5200, -0.029708),
('2020-10-01', 'opec_output', 'OPEC产量', 'SUPPLY_DEMAND', 24962.5402, 0.045459),
('2020-10-01', 'us_dollar_index', '美元指数', 'MACRO', 93.4023, 0.012242),
('2020-10-01', 'cpi_expectation', 'CPI通胀预期', 'MACRO', 1.7055, -0.016816),
('2020-10-01', 'vix_index', 'VIX恐慌指数', 'FINANCIAL', 29.0597, 0.066781),
('2020-10-01', 'brent_change_rate', '布伦特价格变化率', 'FINANCIAL', -0.7529, -0.016847),
('2020-10-01', 'middle_east_tension', '中东紧张指数', 'GEOPOLITICAL', 0.0000, -0.020674),
('2020-10-01', 'russia_ukraine_risk', '俄乌风险指数', 'GEOPOLITICAL', 0.0000, -0.029302),
('2020-10-01', 'gpr_index', '地缘政治风险指数', 'SENTIMENT', 76.0832, -0.031268),
('2020-10-01', 'news_sentiment', '新闻情绪指数', 'SENTIMENT', -0.6056, 0.140500);

INSERT INTO risk_factor (`date`, factor_name, factor_name_zh, category, `value`, shap_value) VALUES
('2020-11-01', 'crude_inventory', '原油库存变化', 'SUPPLY_DEMAND', 2.4156, -0.007864),
('2020-11-01', 'opec_output', 'OPEC产量', 'SUPPLY_DEMAND', 25700.4328, 0.038326),
('2020-11-01', 'us_dollar_index', '美元指数', 'MACRO', 92.5724, 0.014308),
('2020-11-01', 'cpi_expectation', 'CPI通胀预期', 'MACRO', 1.7120, -0.016466),
('2020-11-01', 'vix_index', 'VIX恐慌指数', 'FINANCIAL', 24.8060, 0.040495),
('2020-11-01', 'brent_change_rate', '布伦特价格变化率', 'FINANCIAL', 0.6177, 0.010804),
('2020-11-01', 'middle_east_tension', '中东紧张指数', 'GEOPOLITICAL', 0.0000, -0.020674),
('2020-11-01', 'russia_ukraine_risk', '俄乌风险指数', 'GEOPOLITICAL', 0.0000, -0.029302),
('2020-11-01', 'gpr_index', '地缘政治风险指数', 'SENTIMENT', 70.0675, -0.036675),
('2020-11-01', 'news_sentiment', '新闻情绪指数', 'SENTIMENT', -0.4155, 0.096057),
('2020-12-01', 'crude_inventory', '原油库存变化', 'SUPPLY_DEMAND', -3.4264, 0.013040),
('2020-12-01', 'opec_output', 'OPEC产量', 'SUPPLY_DEMAND', 25947.8750, 0.035934),
('2020-12-01', 'us_dollar_index', '美元指数', 'MACRO', 90.4873, 0.019498),
('2020-12-01', 'cpi_expectation', 'CPI通胀预期', 'MACRO', 1.9187, -0.005364),
('2020-12-01', 'vix_index', 'VIX恐慌指数', 'FINANCIAL', 22.1987, 0.024383),
('2020-12-01', 'brent_change_rate', '布伦特价格变化率', 'FINANCIAL', 0.4274, 0.006966),
('2020-12-01', 'middle_east_tension', '中东紧张指数', 'GEOPOLITICAL', 0.0000, -0.020674),
('2020-12-01', 'russia_ukraine_risk', '俄乌风险指数', 'GEOPOLITICAL', 0.0000, -0.029302),
('2020-12-01', 'gpr_index', '地缘政治风险指数', 'SENTIMENT', 64.0673, -0.042069),
('2020-12-01', 'news_sentiment', '新闻情绪指数', 'SENTIMENT', -0.0034, -0.000296),
('2021-01-01', 'crude_inventory', '原油库存变化', 'SUPPLY_DEMAND', -7.3084, 0.026932),
('2021-01-01', 'opec_output', 'OPEC产量', 'SUPPLY_DEMAND', 26055.0058, 0.034898),
('2021-01-01', 'us_dollar_index', '美元指数', 'MACRO', 90.2555, 0.020076),
('2021-01-01', 'cpi_expectation', 'CPI通胀预期', 'MACRO', 2.0768, 0.003125),
('2021-01-01', 'vix_index', 'VIX恐慌指数', 'FINANCIAL', 24.7639, 0.040234),
('2021-01-01', 'brent_change_rate', '布伦特价格变化率', 'FINANCIAL', 0.3413, 0.005228),
('2021-01-01', 'middle_east_tension', '中东紧张指数', 'GEOPOLITICAL', 0.0000, -0.020674),
('2021-01-01', 'russia_ukraine_risk', '俄乌风险指数', 'GEOPOLITICAL', 0.0000, -0.029302),
('2021-01-01', 'gpr_index', '地缘政治风险指数', 'SENTIMENT', 77.4187, -0.030067),
('2021-01-01', 'news_sentiment', '新闻情绪指数', 'SENTIMENT', 0.1240, -0.030090),
('2021-02-01', 'crude_inventory', '原油库存变化', 'SUPPLY_DEMAND', -12.6279, 0.045967),
('2021-02-01', 'opec_output', 'OPEC产量', 'SUPPLY_DEMAND', 25625.6540, 0.039049),
('2021-02-01', 'us_dollar_index', '美元指数', 'MACRO', 90.6435, 0.019110),
('2021-02-01', 'cpi_expectation', 'CPI通胀预期', 'MACRO', 2.1804, 0.008688),
('2021-02-01', 'vix_index', 'VIX恐慌指数', 'FINANCIAL', 22.9043, 0.028743),
('2021-02-01', 'brent_change_rate', '布伦特价格变化率', 'FINANCIAL', 0.6264, 0.010981),
('2021-02-01', 'middle_east_tension', '中东紧张指数', 'GEOPOLITICAL', 0.0000, -0.020674),
('2021-02-01', 'russia_ukraine_risk', '俄乌风险指数', 'GEOPOLITICAL', 0.0000, -0.029302),
('2021-02-01', 'gpr_index', '地缘政治风险指数', 'SENTIMENT', 73.9568, -0.033179),
('2021-02-01', 'news_sentiment', '新闻情绪指数', 'SENTIMENT', 0.1071, -0.026139),
('2021-03-01', 'crude_inventory', '原油库存变化', 'SUPPLY_DEMAND', 0.7379, -0.001861),
('2021-03-01', 'opec_output', 'OPEC产量', 'SUPPLY_DEMAND', 25731.0678, 0.038030),
('2021-03-01', 'us_dollar_index', '美元指数', 'MACRO', 92.0482, 0.015613),
('2021-03-01', 'cpi_expectation', 'CPI通胀预期', 'MACRO', 2.2771, 0.013883),
('2021-03-01', 'vix_index', 'VIX恐慌指数', 'FINANCIAL', 21.7003, 0.021303),
('2021-03-01', 'brent_change_rate', '布伦特价格变化率', 'FINANCIAL', 0.5239, 0.008912),
('2021-03-01', 'middle_east_tension', '中东紧张指数', 'GEOPOLITICAL', 0.0000, -0.020674),
('2021-03-01', 'russia_ukraine_risk', '俄乌风险指数', 'GEOPOLITICAL', 0.0000, -0.029302),
('2021-03-01', 'gpr_index', '地缘政治风险指数', 'SENTIMENT', 78.6188, -0.028989),
('2021-03-01', 'news_sentiment', '新闻情绪指数', 'SENTIMENT', -0.0330, 0.006614);

INSERT INTO risk_factor (`date`, factor_name, factor_name_zh, category, `value`, shap_value) VALUES
('2021-04-01', 'crude_inventory', '原油库存变化', 'SUPPLY_DEMAND', -3.2728, 0.012491),
('2021-04-01', 'opec_output', 'OPEC产量', 'SUPPLY_DEMAND', 25746.6405, 0.037879),
('2021-04-01', 'us_dollar_index', '美元指数', 'MACRO', 91.7042, 0.016469),
('2021-04-01', 'cpi_expectation', 'CPI通胀预期', 'MACRO', 2.3477, 0.017673),
('2021-04-01', 'vix_index', 'VIX恐慌指数', 'FINANCIAL', 17.2757, -0.006039),
('2021-04-01', 'brent_change_rate', '布伦特价格变化率', 'FINANCIAL', 0.4363, 0.007146),
('2021-04-01', 'middle_east_tension', '中东紧张指数', 'GEOPOLITICAL', 0.0000, -0.020674),
('2021-04-01', 'russia_ukraine_risk', '俄乌风险指数', 'GEOPOLITICAL', 0.0000, -0.029302),
('2021-04-01', 'gpr_index', '地缘政治风险指数', 'SENTIMENT', 88.1662, -0.020407),
('2021-04-01', 'news_sentiment', '新闻情绪指数', 'SENTIMENT', -0.1898, 0.043271),
('2021-05-01', 'crude_inventory', '原油库存变化', 'SUPPLY_DEMAND', -1.0722, 0.004616),
('2021-05-01', 'opec_output', 'OPEC产量', 'SUPPLY_DEMAND', 26249.4296, 0.033018),
('2021-05-01', 'us_dollar_index', '美元指数', 'MACRO', 90.3330, 0.019883),
('2021-05-01', 'cpi_expectation', 'CPI通胀预期', 'MACRO', 2.4613, 0.023776),
('2021-05-01', 'vix_index', 'VIX恐慌指数', 'FINANCIAL', 19.1616, 0.005615),
('2021-05-01', 'brent_change_rate', '布伦特价格变化率', 'FINANCIAL', 0.3087, 0.004571),
('2021-05-01', 'middle_east_tension', '中东紧张指数', 'GEOPOLITICAL', 0.0000, -0.020674),
('2021-05-01', 'russia_ukraine_risk', '俄乌风险指数', 'GEOPOLITICAL', 0.0000, -0.029302),
('2021-05-01', 'gpr_index', '地缘政治风险指数', 'SENTIMENT', 93.0071, -0.016055),
('2021-05-01', 'news_sentiment', '新闻情绪指数', 'SENTIMENT', -0.1790, 0.040750),
('2021-06-01', 'crude_inventory', '原油库存变化', 'SUPPLY_DEMAND', -5.4322, 0.020218),
('2021-06-01', 'opec_output', 'OPEC产量', 'SUPPLY_DEMAND', 26808.7228, 0.027611),
('2021-06-01', 'us_dollar_index', '美元指数', 'MACRO', 91.0938, 0.017989),
('2021-06-01', 'cpi_expectation', 'CPI通胀预期', 'MACRO', 2.3380, 0.017154),
('2021-06-01', 'vix_index', 'VIX恐慌指数', 'FINANCIAL', 16.9943, -0.007778),
('2021-06-01', 'brent_change_rate', '布伦特价格变化率', 'FINANCIAL', 0.4347, 0.007112),
('2021-06-01', 'middle_east_tension', '中东紧张指数', 'GEOPOLITICAL', 0.0000, -0.020674),
('2021-06-01', 'russia_ukraine_risk', '俄乌风险指数', 'GEOPOLITICAL', 0.0000, -0.029302),
('2021-06-01', 'gpr_index', '地缘政治风险指数', 'SENTIMENT', 74.1271, -0.033026),
('2021-06-01', 'news_sentiment', '新闻情绪指数', 'SENTIMENT', -0.2245, 0.051393),
('2021-07-01', 'crude_inventory', '原油库存变化', 'SUPPLY_DEMAND', -13.3858, 0.048679),
('2021-07-01', 'opec_output', 'OPEC产量', 'SUPPLY_DEMAND', 27466.4631, 0.021252),
('2021-07-01', 'us_dollar_index', '美元指数', 'MACRO', 92.4927, 0.014506),
('2021-07-01', 'cpi_expectation', 'CPI通胀预期', 'MACRO', 2.3287, 0.016655),
('2021-07-01', 'vix_index', 'VIX恐慌指数', 'FINANCIAL', 17.3155, -0.005793),
('2021-07-01', 'brent_change_rate', '布伦特价格变化率', 'FINANCIAL', 0.2703, 0.003797),
('2021-07-01', 'middle_east_tension', '中东紧张指数', 'GEOPOLITICAL', 0.0000, -0.020674),
('2021-07-01', 'russia_ukraine_risk', '俄乌风险指数', 'GEOPOLITICAL', 0.0000, -0.029302),
('2021-07-01', 'gpr_index', '地缘政治风险指数', 'SENTIMENT', 58.4208, -0.047144),
('2021-07-01', 'news_sentiment', '新闻情绪指数', 'SENTIMENT', -0.0852, 0.018833),
('2021-08-01', 'crude_inventory', '原油库存变化', 'SUPPLY_DEMAND', -8.5606, 0.031412),
('2021-08-01', 'opec_output', 'OPEC产量', 'SUPPLY_DEMAND', 27499.9269, 0.020929),
('2021-08-01', 'us_dollar_index', '美元指数', 'MACRO', 92.7988, 0.013744),
('2021-08-01', 'cpi_expectation', 'CPI通胀预期', 'MACRO', 2.3506, 0.017833),
('2021-08-01', 'vix_index', 'VIX恐慌指数', 'FINANCIAL', 17.2819, -0.006001),
('2021-08-01', 'brent_change_rate', '布伦特价格变化率', 'FINANCIAL', -0.2084, -0.005861),
('2021-08-01', 'middle_east_tension', '中东紧张指数', 'GEOPOLITICAL', 0.0000, -0.020674),
('2021-08-01', 'russia_ukraine_risk', '俄乌风险指数', 'GEOPOLITICAL', 0.0000, -0.029302),
('2021-08-01', 'gpr_index', '地缘政治风险指数', 'SENTIMENT', 89.4865, -0.019220),
('2021-08-01', 'news_sentiment', '新闻情绪指数', 'SENTIMENT', -0.1803, 0.041054);

INSERT INTO risk_factor (`date`, factor_name, factor_name_zh, category, `value`, shap_value) VALUES
('2021-09-01', 'crude_inventory', '原油库存变化', 'SUPPLY_DEMAND', 1.9658, -0.006255),
('2021-09-01', 'opec_output', 'OPEC产量', 'SUPPLY_DEMAND', 27833.6054, 0.017703),
('2021-09-01', 'us_dollar_index', '美元指数', 'MACRO', 92.9355, 0.013404),
('2021-09-01', 'cpi_expectation', 'CPI通胀预期', 'MACRO', 2.3463, 0.017602),
('2021-09-01', 'vix_index', 'VIX恐慌指数', 'FINANCIAL', 19.4857, 0.007617),
('2021-09-01', 'brent_change_rate', '布伦特价格变化率', 'FINANCIAL', 0.3927, 0.006265),
('2021-09-01', 'middle_east_tension', '中东紧张指数', 'GEOPOLITICAL', 0.0000, -0.020674),
('2021-09-01', 'russia_ukraine_risk', '俄乌风险指数', 'GEOPOLITICAL', 0.0000, -0.029302),
('2021-09-01', 'gpr_index', '地缘政治风险指数', 'SENTIMENT', 80.6970, -0.027121),
('2021-09-01', 'news_sentiment', '新闻情绪指数', 'SENTIMENT', 0.0489, -0.012520),
('2021-10-01', 'crude_inventory', '原油库存变化', 'SUPPLY_DEMAND', -9.9942, 0.036542),
('2021-10-01', 'opec_output', 'OPEC产量', 'SUPPLY_DEMAND', 28159.2680, 0.014555),
('2021-10-01', 'us_dollar_index', '美元指数', 'MACRO', 93.9663, 0.010838),
('2021-10-01', 'cpi_expectation', 'CPI通胀预期', 'MACRO', 2.5284, 0.027379),
('2021-10-01', 'vix_index', 'VIX恐慌指数', 'FINANCIAL', 17.7781, -0.002935),
('2021-10-01', 'brent_change_rate', '布伦特价格变化率', 'FINANCIAL', 0.4755, 0.007936),
('2021-10-01', 'middle_east_tension', '中东紧张指数', 'GEOPOLITICAL', 0.0000, -0.020674),
('2021-10-01', 'russia_ukraine_risk', '俄乌风险指数', 'GEOPOLITICAL', 0.0000, -0.029302),
('2021-10-01', 'gpr_index', '地缘政治风险指数', 'SENTIMENT', 79.0292, -0.028620),
('2021-10-01', 'news_sentiment', '新闻情绪指数', 'SENTIMENT', 0.1262, -0.030594),
('2021-11-01', 'crude_inventory', '原油库存变化', 'SUPPLY_DEMAND', -13.8492, 0.050337),
('2021-11-01', 'opec_output', 'OPEC产量', 'SUPPLY_DEMAND', 28504.1521, 0.011221),
('2021-11-01', 'us_dollar_index', '美元指数', 'MACRO', 95.3378, 0.007423),
('2021-11-01', 'cpi_expectation', 'CPI通胀预期', 'MACRO', 2.6190, 0.032246),
('2021-11-01', 'vix_index', 'VIX恐慌指数', 'FINANCIAL', 18.8563, 0.003728),
('2021-11-01', 'brent_change_rate', '布伦特价格变化率', 'FINANCIAL', -1.3953, -0.029808),
('2021-11-01', 'middle_east_tension', '中东紧张指数', 'GEOPOLITICAL', 0.0000, -0.020674),
('2021-11-01', 'russia_ukraine_risk', '俄乌风险指数', 'GEOPOLITICAL', 0.0000, -0.029302),
('2021-11-01', 'gpr_index', '地缘政治风险指数', 'SENTIMENT', 86.5691, -0.021842),
('2021-11-01', 'news_sentiment', '新闻情绪指数', 'SENTIMENT', 0.0985, -0.024118),
('2021-12-01', 'crude_inventory', '原油库存变化', 'SUPPLY_DEMAND', 21.1393, -0.074864),
('2021-12-01', 'opec_output', 'OPEC产量', 'SUPPLY_DEMAND', 28589.2561, 0.010398),
('2021-12-01', 'us_dollar_index', '美元指数', 'MACRO', 96.2207, 0.005225),
('2021-12-01', 'cpi_expectation', 'CPI通胀预期', 'MACRO', 2.4513, 0.023239),
('2021-12-01', 'vix_index', 'VIX恐慌指数', 'FINANCIAL', 21.4690, 0.019874),
('2021-12-01', 'brent_change_rate', '布伦特价格变化率', 'FINANCIAL', 0.2223, 0.002827),
('2021-12-01', 'middle_east_tension', '中东紧张指数', 'GEOPOLITICAL', 0.0000, -0.020674),
('2021-12-01', 'russia_ukraine_risk', '俄乌风险指数', 'GEOPOLITICAL', 0.0000, -0.029302),
('2021-12-01', 'gpr_index', '地缘政治风险指数', 'SENTIMENT', 105.3454, -0.004965),
('2021-12-01', 'news_sentiment', '新闻情绪指数', 'SENTIMENT', 0.0120, -0.003895),
('2022-01-01', 'crude_inventory', '原油库存变化', 'SUPPLY_DEMAND', 3.0812, -0.010246),
('2022-01-01', 'opec_output', 'OPEC产量', 'SUPPLY_DEMAND', 28607.0799, 0.010225),
('2022-01-01', 'us_dollar_index', '美元指数', 'MACRO', 95.9398, 0.005925),
('2022-01-01', 'cpi_expectation', 'CPI通胀预期', 'MACRO', 2.4500, 0.023169),
('2022-01-01', 'vix_index', 'VIX恐慌指数', 'FINANCIAL', 22.7797, 0.027973),
('2022-01-01', 'brent_change_rate', '布伦特价格变化率', 'FINANCIAL', 0.5119, 0.008671),
('2022-01-01', 'middle_east_tension', '中东紧张指数', 'GEOPOLITICAL', 0.0000, -0.020674),
('2022-01-01', 'russia_ukraine_risk', '俄乌风险指数', 'GEOPOLITICAL', 0.0000, -0.029302),
('2022-01-01', 'gpr_index', '地缘政治风险指数', 'SENTIMENT', 138.6750, 0.024994),
('2022-01-01', 'news_sentiment', '新闻情绪指数', 'SENTIMENT', -0.0905, 0.020065);

INSERT INTO risk_factor (`date`, factor_name, factor_name_zh, category, `value`, shap_value) VALUES
('2022-02-01', 'crude_inventory', '原油库存变化', 'SUPPLY_DEMAND', -23.3825, 0.084450),
('2022-02-01', 'opec_output', 'OPEC产量', 'SUPPLY_DEMAND', 29284.9699, 0.003672),
('2022-02-01', 'us_dollar_index', '美元指数', 'MACRO', 96.0145, 0.005738),
('2022-02-01', 'cpi_expectation', 'CPI通胀预期', 'MACRO', 2.4532, 0.023342),
('2022-02-01', 'vix_index', 'VIX恐慌指数', 'FINANCIAL', 26.0289, 0.048052),
('2022-02-01', 'brent_change_rate', '布伦特价格变化率', 'FINANCIAL', 0.7432, 0.013337),
('2022-02-01', 'middle_east_tension', '中东紧张指数', 'GEOPOLITICAL', 0.0000, -0.020674),
('2022-02-01', 'russia_ukraine_risk', '俄乌风险指数', 'GEOPOLITICAL', 0.5357, -0.014345),
('2022-02-01', 'gpr_index', '地缘政治风险指数', 'SENTIMENT', 216.1590, 0.094643),
('2022-02-01', 'news_sentiment', '新闻情绪指数', 'SENTIMENT', -0.0084, 0.000868),
('2022-03-01', 'crude_inventory', '原油库存变化', 'SUPPLY_DEMAND', -7.9053, 0.029068),
('2022-03-01', 'opec_output', 'OPEC产量', 'SUPPLY_DEMAND', 28947.9006, 0.006931),
('2022-03-01', 'us_dollar_index', '美元指数', 'MACRO', 98.5167, -0.000491),
('2022-03-01', 'cpi_expectation', 'CPI通胀预期', 'MACRO', 2.8487, 0.044583),
('2022-03-01', 'vix_index', 'VIX恐慌指数', 'FINANCIAL', 26.9387, 0.053674),
('2022-03-01', 'brent_change_rate', '布伦特价格变化率', 'FINANCIAL', 1.1316, 0.021173),
('2022-03-01', 'middle_east_tension', '中东紧张指数', 'GEOPOLITICAL', 0.1935, -0.011072),
('2022-03-01', 'russia_ukraine_risk', '俄乌风险指数', 'GEOPOLITICAL', 3.0000, 0.054457),
('2022-03-01', 'gpr_index', '地缘政治风险指数', 'SENTIMENT', 318.9549, 0.150000),
('2022-03-01', 'news_sentiment', '新闻情绪指数', 'SENTIMENT', 0.0607, -0.015295),
('2022-04-01', 'crude_inventory', '原油库存变化', 'SUPPLY_DEMAND', 11.7447, -0.041247),
('2022-04-01', 'opec_output', 'OPEC产量', 'SUPPLY_DEMAND', 29278.1383, 0.003738),
('2022-04-01', 'us_dollar_index', '美元指数', 'MACRO', 100.5936, -0.005661),
('2022-04-01', 'cpi_expectation', 'CPI通胀预期', 'MACRO', 2.8843, 0.046496),
('2022-04-01', 'vix_index', 'VIX恐慌指数', 'FINANCIAL', 24.2323, 0.036950),
('2022-04-01', 'brent_change_rate', '布伦特价格变化率', 'FINANCIAL', 0.2253, 0.002889),
('2022-04-01', 'middle_east_tension', '中东紧张指数', 'GEOPOLITICAL', 0.0000, -0.020674),
('2022-04-01', 'russia_ukraine_risk', '俄乌风险指数', 'GEOPOLITICAL', 3.0000, 0.054457),
('2022-04-01', 'gpr_index', '地缘政治风险指数', 'SENTIMENT', 191.1431, 0.072157),
('2022-04-01', 'news_sentiment', '新闻情绪指数', 'SENTIMENT', 0.0430, -0.011156),
('2022-05-01', 'crude_inventory', '原油库存变化', 'SUPPLY_DEMAND', -0.4517, 0.002396),
('2022-05-01', 'opec_output', 'OPEC产量', 'SUPPLY_DEMAND', 28836.0551, 0.008012),
('2022-05-01', 'us_dollar_index', '美元指数', 'MACRO', 103.1182, -0.011946),
('2022-05-01', 'cpi_expectation', 'CPI通胀预期', 'MACRO', 2.6913, 0.036128),
('2022-05-01', 'vix_index', 'VIX恐慌指数', 'FINANCIAL', 29.2490, 0.067951),
('2022-05-01', 'brent_change_rate', '布伦特价格变化率', 'FINANCIAL', 0.9281, 0.017067),
('2022-05-01', 'middle_east_tension', '中东紧张指数', 'GEOPOLITICAL', 0.0000, -0.020674),
('2022-05-01', 'russia_ukraine_risk', '俄乌风险指数', 'GEOPOLITICAL', 3.0000, 0.054457),
('2022-05-01', 'gpr_index', '地缘政治风险指数', 'SENTIMENT', 142.2585, 0.028216),
('2022-05-01', 'news_sentiment', '新闻情绪指数', 'SENTIMENT', 0.0134, -0.004224),
('2022-06-01', 'crude_inventory', '原油库存变化', 'SUPPLY_DEMAND', -15.0026, 0.054464),
('2022-06-01', 'opec_output', 'OPEC产量', 'SUPPLY_DEMAND', 29010.7209, 0.006323),
('2022-06-01', 'us_dollar_index', '美元指数', 'MACRO', 103.8565, -0.013784),
('2022-06-01', 'cpi_expectation', 'CPI通胀预期', 'MACRO', 2.6277, 0.032711),
('2022-06-01', 'vix_index', 'VIX恐慌指数', 'FINANCIAL', 28.0977, 0.060836),
('2022-06-01', 'brent_change_rate', '布伦特价格变化率', 'FINANCIAL', -0.3307, -0.008328),
('2022-06-01', 'middle_east_tension', '中东紧张指数', 'GEOPOLITICAL', 0.0000, -0.020674),
('2022-06-01', 'russia_ukraine_risk', '俄乌风险指数', 'GEOPOLITICAL', 3.0000, 0.054457),
('2022-06-01', 'gpr_index', '地缘政治风险指数', 'SENTIMENT', 130.7073, 0.017833),
('2022-06-01', 'news_sentiment', '新闻情绪指数', 'SENTIMENT', -0.0294, 0.005787);

INSERT INTO risk_factor (`date`, factor_name, factor_name_zh, category, `value`, shap_value) VALUES
('2022-07-01', 'crude_inventory', '原油库存变化', 'SUPPLY_DEMAND', 0.0609, 0.000562),
('2022-07-01', 'opec_output', 'OPEC产量', 'SUPPLY_DEMAND', 29285.6465, 0.003665),
('2022-07-01', 'us_dollar_index', '美元指数', 'MACRO', 106.7827, -0.021069),
('2022-07-01', 'cpi_expectation', 'CPI通胀预期', 'MACRO', 2.3697, 0.018856),
('2022-07-01', 'vix_index', 'VIX恐慌指数', 'FINANCIAL', 24.6697, 0.039652),
('2022-07-01', 'brent_change_rate', '布伦特价格变化率', 'FINANCIAL', 0.1339, 0.001044),
('2022-07-01', 'middle_east_tension', '中东紧张指数', 'GEOPOLITICAL', 0.0000, -0.020674),
('2022-07-01', 'russia_ukraine_risk', '俄乌风险指数', 'GEOPOLITICAL', 3.0000, 0.054457),
('2022-07-01', 'gpr_index', '地缘政治风险指数', 'SENTIMENT', 117.1768, 0.005670),
('2022-07-01', 'news_sentiment', '新闻情绪指数', 'SENTIMENT', -0.0992, 0.022093),
('2022-08-01', 'crude_inventory', '原油库存变化', 'SUPPLY_DEMAND', 12.2648, -0.043108),
('2022-08-01', 'opec_output', 'OPEC产量', 'SUPPLY_DEMAND', 30252.6401, -0.005683),
('2022-08-01', 'us_dollar_index', '美元指数', 'MACRO', 107.1789, -0.022055),
('2022-08-01', 'cpi_expectation', 'CPI通胀预期', 'MACRO', 2.5094, 0.026357),
('2022-08-01', 'vix_index', 'VIX恐慌指数', 'FINANCIAL', 22.0510, 0.023470),
('2022-08-01', 'brent_change_rate', '布伦特价格变化率', 'FINANCIAL', -0.3100, -0.007912),
('2022-08-01', 'middle_east_tension', '中东紧张指数', 'GEOPOLITICAL', 0.0000, -0.020674),
('2022-08-01', 'russia_ukraine_risk', '俄乌风险指数', 'GEOPOLITICAL', 3.0000, 0.054457),
('2022-08-01', 'gpr_index', '地缘政治风险指数', 'SENTIMENT', 132.8632, 0.019770),
('2022-08-01', 'news_sentiment', '新闻情绪指数', 'SENTIMENT', -0.0810, 0.017843),
('2022-09-01', 'crude_inventory', '原油库存变化', 'SUPPLY_DEMAND', -0.9138, 0.004050),
('2022-09-01', 'opec_output', 'OPEC产量', 'SUPPLY_DEMAND', 30404.3555, -0.007150),
('2022-09-01', 'us_dollar_index', '美元指数', 'MACRO', 110.5965, -0.030563),
('2022-09-01', 'cpi_expectation', 'CPI通胀预期', 'MACRO', 2.3927, 0.020090),
('2022-09-01', 'vix_index', 'VIX恐慌指数', 'FINANCIAL', 27.0160, 0.054152),
('2022-09-01', 'brent_change_rate', '布伦特价格变化率', 'FINANCIAL', -0.2393, -0.006486),
('2022-09-01', 'middle_east_tension', '中东紧张指数', 'GEOPOLITICAL', 0.0000, -0.020674),
('2022-09-01', 'russia_ukraine_risk', '俄乌风险指数', 'GEOPOLITICAL', 3.0000, 0.054457),
('2022-09-01', 'gpr_index', '地缘政治风险指数', 'SENTIMENT', 131.9859, 0.018982),
('2022-09-01', 'news_sentiment', '新闻情绪指数', 'SENTIMENT', 0.0371, -0.009772),
('2022-10-01', 'crude_inventory', '原油库存变化', 'SUPPLY_DEMAND', 5.5041, -0.018916),
('2022-10-01', 'opec_output', 'OPEC产量', 'SUPPLY_DEMAND', 29993.2428, -0.003175),
('2022-10-01', 'us_dollar_index', '美元指数', 'MACRO', 112.0056, -0.034071),
('2022-10-01', 'cpi_expectation', 'CPI通胀预期', 'MACRO', 2.3826, 0.019549),
('2022-10-01', 'vix_index', 'VIX恐慌指数', 'FINANCIAL', 30.0323, 0.072791),
('2022-10-01', 'brent_change_rate', '布伦特价格变化率', 'FINANCIAL', 0.2529, 0.003445),
('2022-10-01', 'middle_east_tension', '中东紧张指数', 'GEOPOLITICAL', 0.0000, -0.020674),
('2022-10-01', 'russia_ukraine_risk', '俄乌风险指数', 'GEOPOLITICAL', 3.0000, 0.054457),
('2022-10-01', 'gpr_index', '地缘政治风险指数', 'SENTIMENT', 143.1624, 0.029028),
('2022-10-01', 'news_sentiment', '新闻情绪指数', 'SENTIMENT', 0.0194, -0.005625),
('2022-11-01', 'crude_inventory', '原油库存变化', 'SUPPLY_DEMAND', -2.5041, 0.009740),
('2022-11-01', 'opec_output', 'OPEC产量', 'SUPPLY_DEMAND', 29568.3867, 0.000932),
('2022-11-01', 'us_dollar_index', '美元指数', 'MACRO', 107.9463, -0.023966),
('2022-11-01', 'cpi_expectation', 'CPI通胀预期', 'MACRO', 2.3670, 0.018712),
('2022-11-01', 'vix_index', 'VIX恐慌指数', 'FINANCIAL', 23.1320, 0.030150),
('2022-11-01', 'brent_change_rate', '布伦特价格变化率', 'FINANCIAL', -0.1857, -0.005403),
('2022-11-01', 'middle_east_tension', '中东紧张指数', 'GEOPOLITICAL', 0.0000, -0.020674),
('2022-11-01', 'russia_ukraine_risk', '俄乌风险指数', 'GEOPOLITICAL', 3.0000, 0.054457),
('2022-11-01', 'gpr_index', '地缘政治风险指数', 'SENTIMENT', 116.7163, 0.005256),
('2022-11-01', 'news_sentiment', '新闻情绪指数', 'SENTIMENT', 0.1120, -0.027295);

INSERT INTO risk_factor (`date`, factor_name, factor_name_zh, category, `value`, shap_value) VALUES
('2022-12-01', 'crude_inventory', '原油库存变化', 'SUPPLY_DEMAND', -4.3198, 0.016237),
('2022-12-01', 'opec_output', 'OPEC产量', 'SUPPLY_DEMAND', 29560.9882, 0.001003),
('2022-12-01', 'us_dollar_index', '美元指数', 'MACRO', 104.5087, -0.015408),
('2022-12-01', 'cpi_expectation', 'CPI通胀预期', 'MACRO', 2.2577, 0.012844),
('2022-12-01', 'vix_index', 'VIX恐慌指数', 'FINANCIAL', 21.6377, 0.020916),
('2022-12-01', 'brent_change_rate', '布伦特价格变化率', 'FINANCIAL', 0.2581, 0.003549),
('2022-12-01', 'middle_east_tension', '中东紧张指数', 'GEOPOLITICAL', 0.0000, -0.020674),
('2022-12-01', 'russia_ukraine_risk', '俄乌风险指数', 'GEOPOLITICAL', 3.0000, 0.054457),
('2022-12-01', 'gpr_index', '地缘政治风险指数', 'SENTIMENT', 111.1959, 0.000294),
('2022-12-01', 'news_sentiment', '新闻情绪指数', 'SENTIMENT', 0.1729, -0.041533),
('2023-01-01', 'crude_inventory', '原油库存变化', 'SUPPLY_DEMAND', 28.2385, -0.100267),
('2023-01-01', 'opec_output', 'OPEC产量', 'SUPPLY_DEMAND', 29039.8554, 0.006042),
('2023-01-01', 'us_dollar_index', '美元指数', 'MACRO', 102.7178, -0.010949),
('2023-01-01', 'cpi_expectation', 'CPI通胀预期', 'MACRO', 2.2394, 0.011856),
('2023-01-01', 'vix_index', 'VIX恐慌指数', 'FINANCIAL', 20.0829, 0.011308),
('2023-01-01', 'brent_change_rate', '布伦特价格变化率', 'FINANCIAL', 0.3845, 0.006101),
('2023-01-01', 'middle_east_tension', '中东紧张指数', 'GEOPOLITICAL', 0.0000, -0.020674),
('2023-01-01', 'russia_ukraine_risk', '俄乌风险指数', 'GEOPOLITICAL', 3.0000, 0.054457),
('2023-01-01', 'gpr_index', '地缘政治风险指数', 'SENTIMENT', 104.2670, -0.005934),
('2023-01-01', 'news_sentiment', '新闻情绪指数', 'SENTIMENT', 0.2420, -0.057682),
('2023-02-01', 'crude_inventory', '原油库存变化', 'SUPPLY_DEMAND', 25.7421, -0.091334),
('2023-02-01', 'opec_output', 'OPEC产量', 'SUPPLY_DEMAND', 29337.1209, 0.003168),
('2023-02-01', 'us_dollar_index', '美元指数', 'MACRO', 103.7506, -0.013520),
('2023-02-01', 'cpi_expectation', 'CPI通胀预期', 'MACRO', 2.3314, 0.016801),
('2023-02-01', 'vix_index', 'VIX恐慌指数', 'FINANCIAL', 20.1254, 0.011570),
('2023-02-01', 'brent_change_rate', '布伦特价格变化率', 'FINANCIAL', -0.1436, -0.004554),
('2023-02-01', 'middle_east_tension', '中东紧张指数', 'GEOPOLITICAL', 0.0000, -0.020674),
('2023-02-01', 'russia_ukraine_risk', '俄乌风险指数', 'GEOPOLITICAL', 3.0000, 0.054457),
('2023-02-01', 'gpr_index', '地缘政治风险指数', 'SENTIMENT', 120.9944, 0.009102),
('2023-02-01', 'news_sentiment', '新闻情绪指数', 'SENTIMENT', 0.2689, -0.063964),
('2023-03-01', 'crude_inventory', '原油库存变化', 'SUPPLY_DEMAND', -5.5823, 0.020755),
('2023-03-01', 'opec_output', 'OPEC产量', 'SUPPLY_DEMAND', 29567.5367, 0.000940),
('2023-03-01', 'us_dollar_index', '美元指数', 'MACRO', 103.8554, -0.013781),
('2023-03-01', 'cpi_expectation', 'CPI通胀预期', 'MACRO', 2.2952, 0.014854),
('2023-03-01', 'vix_index', 'VIX恐慌指数', 'FINANCIAL', 21.9000, 0.022537),
('2023-03-01', 'brent_change_rate', '布伦特价格变化率', 'FINANCIAL', -0.1977, -0.005647),
('2023-03-01', 'middle_east_tension', '中东紧张指数', 'GEOPOLITICAL', 0.0000, -0.020674),
('2023-03-01', 'russia_ukraine_risk', '俄乌风险指数', 'GEOPOLITICAL', 3.0000, 0.054457),
('2023-03-01', 'gpr_index', '地缘政治风险指数', 'SENTIMENT', 105.3800, -0.004934),
('2023-03-01', 'news_sentiment', '新闻情绪指数', 'SENTIMENT', 0.2570, -0.061189),
('2023-04-01', 'crude_inventory', '原油库存变化', 'SUPPLY_DEMAND', -10.9033, 0.039796),
('2023-04-01', 'opec_output', 'OPEC产量', 'SUPPLY_DEMAND', 29589.6688, 0.000726),
('2023-04-01', 'us_dollar_index', '美元指数', 'MACRO', 101.8265, -0.008731),
('2023-04-01', 'cpi_expectation', 'CPI通胀预期', 'MACRO', 2.2663, 0.013305),
('2023-04-01', 'vix_index', 'VIX恐慌指数', 'FINANCIAL', 17.6793, -0.003545),
('2023-04-01', 'brent_change_rate', '布伦特价格变化率', 'FINANCIAL', 0.2250, 0.002882),
('2023-04-01', 'middle_east_tension', '中东紧张指数', 'GEOPOLITICAL', 0.0000, -0.020674),
('2023-04-01', 'russia_ukraine_risk', '俄乌风险指数', 'GEOPOLITICAL', 3.0000, 0.054457),
('2023-04-01', 'gpr_index', '地缘政治风险指数', 'SENTIMENT', 106.8097, -0.003648),
('2023-04-01', 'news_sentiment', '新闻情绪指数', 'SENTIMENT', 0.1667, -0.040074);

INSERT INTO risk_factor (`date`, factor_name, factor_name_zh, category, `value`, shap_value) VALUES
('2023-05-01', 'crude_inventory', '原油库存变化', 'SUPPLY_DEMAND', 7.4369, -0.025832),
('2023-05-01', 'opec_output', 'OPEC产量', 'SUPPLY_DEMAND', 28928.7088, 0.007116),
('2023-05-01', 'us_dollar_index', '美元指数', 'MACRO', 102.7895, -0.011128),
('2023-05-01', 'cpi_expectation', 'CPI通胀预期', 'MACRO', 2.2145, 0.010522),
('2023-05-01', 'vix_index', 'VIX恐慌指数', 'FINANCIAL', 17.5352, -0.004436),
('2023-05-01', 'brent_change_rate', '布伦特价格变化率', 'FINANCIAL', -0.0594, -0.002855),
('2023-05-01', 'middle_east_tension', '中东紧张指数', 'GEOPOLITICAL', 0.0000, -0.020674),
('2023-05-01', 'russia_ukraine_risk', '俄乌风险指数', 'GEOPOLITICAL', 3.0000, 0.054457),
('2023-05-01', 'gpr_index', '地缘政治风险指数', 'SENTIMENT', 108.4677, -0.002158),
('2023-05-01', 'news_sentiment', '新闻情绪指数', 'SENTIMENT', 0.0594, -0.014978),
('2023-06-01', 'crude_inventory', '原油库存变化', 'SUPPLY_DEMAND', 16.6024, -0.058629),
('2023-06-01', 'opec_output', 'OPEC产量', 'SUPPLY_DEMAND', 29138.7163, 0.005086),
('2023-06-01', 'us_dollar_index', '美元指数', 'MACRO', 103.1372, -0.011993),
('2023-06-01', 'cpi_expectation', 'CPI通胀预期', 'MACRO', 2.2017, 0.009832),
('2023-06-01', 'vix_index', 'VIX恐慌指数', 'FINANCIAL', 13.9630, -0.026510),
('2023-06-01', 'brent_change_rate', '布伦特价格变化率', 'FINANCIAL', 0.2363, 0.003111),
('2023-06-01', 'middle_east_tension', '中东紧张指数', 'GEOPOLITICAL', 0.0000, -0.020674),
('2023-06-01', 'russia_ukraine_risk', '俄乌风险指数', 'GEOPOLITICAL', 3.0000, 0.054457),
('2023-06-01', 'gpr_index', '地缘政治风险指数', 'SENTIMENT', 110.5289, -0.000305),
('2023-06-01', 'news_sentiment', '新闻情绪指数', 'SENTIMENT', 0.1386, -0.033497),
('2023-07-01', 'crude_inventory', '原油库存变化', 'SUPPLY_DEMAND', -7.4867, 0.027570),
('2023-07-01', 'opec_output', 'OPEC产量', 'SUPPLY_DEMAND', 28295.7265, 0.013235),
('2023-07-01', 'us_dollar_index', '美元指数', 'MACRO', 101.5003, -0.007918),
('2023-07-01', 'cpi_expectation', 'CPI通胀预期', 'MACRO', 2.2935, 0.014767),
('2023-07-01', 'vix_index', 'VIX恐慌指数', 'FINANCIAL', 13.8697, -0.027087),
('2023-07-01', 'brent_change_rate', '布伦特价格变化率', 'FINANCIAL', 0.7045, 0.012557),
('2023-07-01', 'middle_east_tension', '中东紧张指数', 'GEOPOLITICAL', 0.0000, -0.020674),
('2023-07-01', 'russia_ukraine_risk', '俄乌风险指数', 'GEOPOLITICAL', 3.0000, 0.054457),
('2023-07-01', 'gpr_index', '地缘政治风险指数', 'SENTIMENT', 107.4488, -0.003074),
('2023-07-01', 'news_sentiment', '新闻情绪指数', 'SENTIMENT', 0.0942, -0.023135),
('2023-08-01', 'crude_inventory', '原油库存变化', 'SUPPLY_DEMAND', -16.7102, 0.060574),
('2023-08-01', 'opec_output', 'OPEC产量', 'SUPPLY_DEMAND', 28101.8189, 0.015110),
('2023-08-01', 'us_dollar_index', '美元指数', 'MACRO', 103.1109, -0.011928),
('2023-08-01', 'cpi_expectation', 'CPI通胀预期', 'MACRO', 2.3384, 0.017175),
('2023-08-01', 'vix_index', 'VIX恐慌指数', 'FINANCIAL', 15.9510, -0.014225),
('2023-08-01', 'brent_change_rate', '布伦特价格变化率', 'FINANCIAL', 0.3055, 0.004506),
('2023-08-01', 'middle_east_tension', '中东紧张指数', 'GEOPOLITICAL', 0.0000, -0.020674),
('2023-08-01', 'russia_ukraine_risk', '俄乌风险指数', 'GEOPOLITICAL', 3.0000, 0.054457),
('2023-08-01', 'gpr_index', '地缘政治风险指数', 'SENTIMENT', 101.1412, -0.008744),
('2023-08-01', 'news_sentiment', '新闻情绪指数', 'SENTIMENT', 0.0936, -0.022983),
('2023-09-01', 'crude_inventory', '原油库存变化', 'SUPPLY_DEMAND', -25.2006, 0.090956),
('2023-09-01', 'opec_output', 'OPEC产量', 'SUPPLY_DEMAND', 28771.5332, 0.008636),
('2023-09-01', 'us_dollar_index', '美元指数', 'MACRO', 105.2407, -0.017230),
('2023-09-01', 'cpi_expectation', 'CPI通胀预期', 'MACRO', 2.3357, 0.017029),
('2023-09-01', 'vix_index', 'VIX恐慌指数', 'FINANCIAL', 15.0667, -0.019690),
('2023-09-01', 'brent_change_rate', '布伦特价格变化率', 'FINANCIAL', 0.5100, 0.008632),
('2023-09-01', 'middle_east_tension', '中东紧张指数', 'GEOPOLITICAL', 0.0000, -0.020674),
('2023-09-01', 'russia_ukraine_risk', '俄乌风险指数', 'GEOPOLITICAL', 3.0000, 0.054457),
('2023-09-01', 'gpr_index', '地缘政治风险指数', 'SENTIMENT', 98.6348, -0.010997),
('2023-09-01', 'news_sentiment', '新闻情绪指数', 'SENTIMENT', 0.2026, -0.048471);

INSERT INTO risk_factor (`date`, factor_name, factor_name_zh, category, `value`, shap_value) VALUES
('2023-10-01', 'crude_inventory', '原油库存变化', 'SUPPLY_DEMAND', -11.0819, 0.040434),
('2023-10-01', 'opec_output', 'OPEC产量', 'SUPPLY_DEMAND', 28671.2502, 0.009605),
('2023-10-01', 'us_dollar_index', '美元指数', 'MACRO', 106.3619, -0.020021),
('2023-10-01', 'cpi_expectation', 'CPI通胀预期', 'MACRO', 2.3823, 0.019531),
('2023-10-01', 'vix_index', 'VIX恐慌指数', 'FINANCIAL', 19.1145, 0.005324),
('2023-10-01', 'brent_change_rate', '布伦特价格变化率', 'FINANCIAL', 0.3226, 0.004851),
('2023-10-01', 'middle_east_tension', '中东紧张指数', 'GEOPOLITICAL', 1.6129, 0.059345),
('2023-10-01', 'russia_ukraine_risk', '俄乌风险指数', 'GEOPOLITICAL', 3.0000, 0.054457),
('2023-10-01', 'gpr_index', '地缘政治风险指数', 'SENTIMENT', 197.8870, 0.078219),
('2023-10-01', 'news_sentiment', '新闻情绪指数', 'SENTIMENT', 0.1888, -0.045244),
('2023-11-01', 'crude_inventory', '原油库存变化', 'SUPPLY_DEMAND', 17.1080, -0.060438),
('2023-11-01', 'opec_output', 'OPEC产量', 'SUPPLY_DEMAND', 28685.9699, 0.009463),
('2023-11-01', 'us_dollar_index', '美元指数', 'MACRO', 104.4995, -0.015385),
('2023-11-01', 'cpi_expectation', 'CPI通胀预期', 'MACRO', 2.3050, 0.015382),
('2023-11-01', 'vix_index', 'VIX恐慌指数', 'FINANCIAL', 13.9700, -0.026467),
('2023-11-01', 'brent_change_rate', '布伦特价格变化率', 'FINANCIAL', 0.0123, -0.001408),
('2023-11-01', 'middle_east_tension', '中东紧张指数', 'GEOPOLITICAL', 2.0000, 0.078550),
('2023-11-01', 'russia_ukraine_risk', '俄乌风险指数', 'GEOPOLITICAL', 3.0000, 0.054457),
('2023-11-01', 'gpr_index', '地缘政治风险指数', 'SENTIMENT', 156.6961, 0.041193),
('2023-11-01', 'news_sentiment', '新闻情绪指数', 'SENTIMENT', 0.2590, -0.061647),
('2023-12-01', 'crude_inventory', '原油库存变化', 'SUPPLY_DEMAND', 27.1123, -0.096237),
('2023-12-01', 'opec_output', 'OPEC产量', 'SUPPLY_DEMAND', 28615.6922, 0.010142),
('2023-12-01', 'us_dollar_index', '美元指数', 'MACRO', 102.6113, -0.010684),
('2023-12-01', 'cpi_expectation', 'CPI通胀预期', 'MACRO', 2.1897, 0.009188),
('2023-12-01', 'vix_index', 'VIX恐慌指数', 'FINANCIAL', 12.6735, -0.034478),
('2023-12-01', 'brent_change_rate', '布伦特价格变化率', 'FINANCIAL', -0.5255, -0.012259),
('2023-12-01', 'middle_east_tension', '中东紧张指数', 'GEOPOLITICAL', 2.0000, 0.078550),
('2023-12-01', 'russia_ukraine_risk', '俄乌风险指数', 'GEOPOLITICAL', 3.0000, 0.054457),
('2023-12-01', 'gpr_index', '地缘政治风险指数', 'SENTIMENT', 142.2795, 0.028234),
('2023-12-01', 'news_sentiment', '新闻情绪指数', 'SENTIMENT', 0.3144, -0.074603),
('2024-01-01', 'crude_inventory', '原油库存变化', 'SUPPLY_DEMAND', -1.0028, 0.004368),
('2024-01-01', 'opec_output', 'OPEC产量', 'SUPPLY_DEMAND', 28521.6611, 0.011051),
('2024-01-01', 'us_dollar_index', '美元指数', 'MACRO', 102.8844, -0.011364),
('2024-01-01', 'cpi_expectation', 'CPI通胀预期', 'MACRO', 2.2671, 0.013346),
('2024-01-01', 'vix_index', 'VIX恐慌指数', 'FINANCIAL', 13.2974, -0.030623),
('2024-01-01', 'brent_change_rate', '布伦特价格变化率', 'FINANCIAL', 0.3587, 0.005580),
('2024-01-01', 'middle_east_tension', '中东紧张指数', 'GEOPOLITICAL', 2.0000, 0.078550),
('2024-01-01', 'russia_ukraine_risk', '俄乌风险指数', 'GEOPOLITICAL', 3.0000, 0.054457),
('2024-01-01', 'gpr_index', '地缘政治风险指数', 'SENTIMENT', 160.3737, 0.044499),
('2024-01-01', 'news_sentiment', '新闻情绪指数', 'SENTIMENT', 0.3030, -0.071946),
('2024-02-01', 'crude_inventory', '原油库存变化', 'SUPPLY_DEMAND', -7.4997, 0.027616),
('2024-02-01', 'opec_output', 'OPEC产量', 'SUPPLY_DEMAND', 28815.9146, 0.008207),
('2024-02-01', 'us_dollar_index', '美元指数', 'MACRO', 104.0915, -0.014369),
('2024-02-01', 'cpi_expectation', 'CPI通胀预期', 'MACRO', 2.2814, 0.014113),
('2024-02-01', 'vix_index', 'VIX恐慌指数', 'FINANCIAL', 13.9010, -0.026893),
('2024-02-01', 'brent_change_rate', '布伦特价格变化率', 'FINANCIAL', -0.1017, -0.003710),
('2024-02-01', 'middle_east_tension', '中东紧张指数', 'GEOPOLITICAL', 2.0000, 0.078550),
('2024-02-01', 'russia_ukraine_risk', '俄乌风险指数', 'GEOPOLITICAL', 3.0000, 0.054457),
('2024-02-01', 'gpr_index', '地缘政治风险指数', 'SENTIMENT', 146.5982, 0.032116),
('2024-02-01', 'news_sentiment', '新闻情绪指数', 'SENTIMENT', 0.2875, -0.068317);

INSERT INTO risk_factor (`date`, factor_name, factor_name_zh, category, `value`, shap_value) VALUES
('2024-03-01', 'crude_inventory', '原油库存变化', 'SUPPLY_DEMAND', 9.7250, -0.034020),
('2024-03-01', 'opec_output', 'OPEC产量', 'SUPPLY_DEMAND', 29145.1682, 0.005023),
('2024-03-01', 'us_dollar_index', '美元指数', 'MACRO', 103.7090, -0.013417),
('2024-03-01', 'cpi_expectation', 'CPI通胀预期', 'MACRO', 2.3139, 0.015858),
('2024-03-01', 'vix_index', 'VIX恐慌指数', 'FINANCIAL', 13.7232, -0.027992),
('2024-03-01', 'brent_change_rate', '布伦特价格变化率', 'FINANCIAL', 0.1994, 0.002365),
('2024-03-01', 'middle_east_tension', '中东紧张指数', 'GEOPOLITICAL', 2.0000, 0.078550),
('2024-03-01', 'russia_ukraine_risk', '俄乌风险指数', 'GEOPOLITICAL', 3.0000, 0.054457),
('2024-03-01', 'gpr_index', '地缘政治风险指数', 'SENTIMENT', 133.2132, 0.020085),
('2024-03-01', 'news_sentiment', '新闻情绪指数', 'SENTIMENT', 0.2233, -0.053313),
('2024-04-01', 'crude_inventory', '原油库存变化', 'SUPPLY_DEMAND', 2.5533, -0.008357),
('2024-04-01', 'opec_output', 'OPEC产量', 'SUPPLY_DEMAND', 29149.4219, 0.004982),
('2024-04-01', 'us_dollar_index', '美元指数', 'MACRO', 105.4801, -0.017826),
('2024-04-01', 'cpi_expectation', 'CPI通胀预期', 'MACRO', 2.3957, 0.020251),
('2024-04-01', 'vix_index', 'VIX恐慌指数', 'FINANCIAL', 16.3063, -0.012029),
('2024-04-01', 'brent_change_rate', '布伦特价格变化率', 'FINANCIAL', 0.1597, 0.001564),
('2024-04-01', 'middle_east_tension', '中东紧张指数', 'GEOPOLITICAL', 2.0000, 0.078550),
('2024-04-01', 'russia_ukraine_risk', '俄乌风险指数', 'GEOPOLITICAL', 3.0000, 0.054457),
('2024-04-01', 'gpr_index', '地缘政治风险指数', 'SENTIMENT', 163.9473, 0.047711),
('2024-04-01', 'news_sentiment', '新闻情绪指数', 'SENTIMENT', 0.0737, -0.018339),
('2024-05-01', 'crude_inventory', '原油库存变化', 'SUPPLY_DEMAND', 6.7705, -0.023447),
('2024-05-01', 'opec_output', 'OPEC产量', 'SUPPLY_DEMAND', 28980.9769, 0.006611),
('2024-05-01', 'us_dollar_index', '美元指数', 'MACRO', 104.9410, -0.016484),
('2024-05-01', 'cpi_expectation', 'CPI通胀预期', 'MACRO', 2.3332, 0.016898),
('2024-05-01', 'vix_index', 'VIX恐慌指数', 'FINANCIAL', 12.9119, -0.033005),
('2024-05-01', 'brent_change_rate', '布伦特价格变化率', 'FINANCIAL', -0.2539, -0.006779),
('2024-05-01', 'middle_east_tension', '中东紧张指数', 'GEOPOLITICAL', 2.0000, 0.078550),
('2024-05-01', 'russia_ukraine_risk', '俄乌风险指数', 'GEOPOLITICAL', 3.0000, 0.054457),
('2024-05-01', 'gpr_index', '地缘政治风险指数', 'SENTIMENT', 130.5219, 0.017666),
('2024-05-01', 'news_sentiment', '新闻情绪指数', 'SENTIMENT', 0.1063, -0.025957),
('2024-06-01', 'crude_inventory', '原油库存变化', 'SUPPLY_DEMAND', -2.6116, 0.010125),
('2024-06-01', 'opec_output', 'OPEC产量', 'SUPPLY_DEMAND', 28552.5320, 0.010753),
('2024-06-01', 'us_dollar_index', '美元指数', 'MACRO', 105.2419, -0.017233),
('2024-06-01', 'cpi_expectation', 'CPI通胀预期', 'MACRO', 2.2573, 0.012822),
('2024-06-01', 'vix_index', 'VIX恐慌指数', 'FINANCIAL', 12.6740, -0.034476),
('2024-06-01', 'brent_change_rate', '布伦特价格变化率', 'FINANCIAL', 0.1107, 0.000576),
('2024-06-01', 'middle_east_tension', '中东紧张指数', 'GEOPOLITICAL', 2.0000, 0.078550),
('2024-06-01', 'russia_ukraine_risk', '俄乌风险指数', 'GEOPOLITICAL', 3.0000, 0.054457),
('2024-06-01', 'gpr_index', '地缘政治风险指数', 'SENTIMENT', 113.0928, 0.001999),
('2024-06-01', 'news_sentiment', '新闻情绪指数', 'SENTIMENT', 0.1469, -0.035450),
('2024-07-01', 'crude_inventory', '原油库存变化', 'SUPPLY_DEMAND', -6.2218, 0.023043),
('2024-07-01', 'opec_output', 'OPEC产量', 'SUPPLY_DEMAND', 29044.0872, 0.006001),
('2024-07-01', 'us_dollar_index', '美元指数', 'MACRO', 104.5672, -0.015553),
('2024-07-01', 'cpi_expectation', 'CPI通胀预期', 'MACRO', 2.2752, 0.013779),
('2024-07-01', 'vix_index', 'VIX恐慌指数', 'FINANCIAL', 14.3968, -0.023830),
('2024-07-01', 'brent_change_rate', '布伦特价格变化率', 'FINANCIAL', -0.5919, -0.013600),
('2024-07-01', 'middle_east_tension', '中东紧张指数', 'GEOPOLITICAL', 2.0000, 0.078550),
('2024-07-01', 'russia_ukraine_risk', '俄乌风险指数', 'GEOPOLITICAL', 3.0000, 0.054457),
('2024-07-01', 'gpr_index', '地缘政治风险指数', 'SENTIMENT', 92.3949, -0.016606),
('2024-07-01', 'news_sentiment', '新闻情绪指数', 'SENTIMENT', -0.0078, 0.000731);

INSERT INTO risk_factor (`date`, factor_name, factor_name_zh, category, `value`, shap_value) VALUES
('2024-08-01', 'crude_inventory', '原油库存变化', 'SUPPLY_DEMAND', -10.9426, 0.039936),
('2024-08-01', 'opec_output', 'OPEC产量', 'SUPPLY_DEMAND', 28944.7220, 0.006961),
('2024-08-01', 'us_dollar_index', '美元指数', 'MACRO', 102.2394, -0.009758),
('2024-08-01', 'cpi_expectation', 'CPI通胀预期', 'MACRO', 2.1055, 0.004667),
('2024-08-01', 'vix_index', 'VIX恐慌指数', 'FINANCIAL', 18.9906, 0.004558),
('2024-08-01', 'brent_change_rate', '布伦特价格变化率', 'FINANCIAL', -0.2487, -0.006675),
('2024-08-01', 'middle_east_tension', '中东紧张指数', 'GEOPOLITICAL', 2.0000, 0.078550),
('2024-08-01', 'russia_ukraine_risk', '俄乌风险指数', 'GEOPOLITICAL', 3.0000, 0.054457),
('2024-08-01', 'gpr_index', '地缘政治风险指数', 'SENTIMENT', 140.9751, 0.027062),
('2024-08-01', 'news_sentiment', '新闻情绪指数', 'SENTIMENT', 0.0218, -0.006199),
('2024-09-01', 'crude_inventory', '原油库存变化', 'SUPPLY_DEMAND', -16.3434, 0.059262),
('2024-09-01', 'opec_output', 'OPEC产量', 'SUPPLY_DEMAND', 28233.9762, 0.013832),
('2024-09-01', 'us_dollar_index', '美元指数', 'MACRO', 101.0304, -0.006748),
('2024-09-01', 'cpi_expectation', 'CPI通胀预期', 'MACRO', 2.1090, 0.004856),
('2024-09-01', 'vix_index', 'VIX恐慌指数', 'FINANCIAL', 17.6677, -0.003617),
('2024-09-01', 'brent_change_rate', '布伦特价格变化率', 'FINANCIAL', -0.5267, -0.012283),
('2024-09-01', 'middle_east_tension', '中东紧张指数', 'GEOPOLITICAL', 2.0000, 0.078550),
('2024-09-01', 'russia_ukraine_risk', '俄乌风险指数', 'GEOPOLITICAL', 3.0000, 0.054457),
('2024-09-01', 'gpr_index', '地缘政治风险指数', 'SENTIMENT', 130.3588, 0.017519),
('2024-09-01', 'news_sentiment', '新闻情绪指数', 'SENTIMENT', 0.0499, -0.012767),
('2024-10-01', 'crude_inventory', '原油库存变化', 'SUPPLY_DEMAND', 3.8547, -0.013014),
('2024-10-01', 'opec_output', 'OPEC产量', 'SUPPLY_DEMAND', 28713.2304, 0.009199),
('2024-10-01', 'us_dollar_index', '美元指数', 'MACRO', 103.2873, -0.012367),
('2024-10-01', 'cpi_expectation', 'CPI通胀预期', 'MACRO', 2.2884, 0.014490),
('2024-10-01', 'vix_index', 'VIX恐慌指数', 'FINANCIAL', 19.8439, 0.009831),
('2024-10-01', 'brent_change_rate', '布伦特价格变化率', 'FINANCIAL', 0.1194, 0.000751),
('2024-10-01', 'middle_east_tension', '中东紧张指数', 'GEOPOLITICAL', 2.0000, 0.078550),
('2024-10-01', 'russia_ukraine_risk', '俄乌风险指数', 'GEOPOLITICAL', 3.0000, 0.054457),
('2024-10-01', 'gpr_index', '地缘政治风险指数', 'SENTIMENT', 130.6892, 0.017816),
('2024-10-01', 'news_sentiment', '新闻情绪指数', 'SENTIMENT', -0.0124, 0.001814),
('2024-11-01', 'crude_inventory', '原油库存变化', 'SUPPLY_DEMAND', 0.5771, -0.001286),
('2024-11-01', 'opec_output', 'OPEC产量', 'SUPPLY_DEMAND', 28737.4847, 0.008965),
('2024-11-01', 'us_dollar_index', '美元指数', 'MACRO', 105.8534, -0.018755),
('2024-11-01', 'cpi_expectation', 'CPI通胀预期', 'MACRO', 2.3223, 0.016313),
('2024-11-01', 'vix_index', 'VIX恐慌指数', 'FINANCIAL', 16.2077, -0.012639),
('2024-11-01', 'brent_change_rate', '布伦特价格变化率', 'FINANCIAL', -0.2313, -0.006324),
('2024-11-01', 'middle_east_tension', '中东紧张指数', 'GEOPOLITICAL', 2.0000, 0.078550),
('2024-11-01', 'russia_ukraine_risk', '俄乌风险指数', 'GEOPOLITICAL', 3.0000, 0.054457),
('2024-11-01', 'gpr_index', '地缘政治风险指数', 'SENTIMENT', 128.9016, 0.016209),
('2024-11-01', 'news_sentiment', '新闻情绪指数', 'SENTIMENT', -0.0203, 0.003647),
('2024-12-01', 'crude_inventory', '原油库存变化', 'SUPPLY_DEMAND', -7.9365, 0.029179),
('2024-12-01', 'opec_output', 'OPEC产量', 'SUPPLY_DEMAND', 28820.7391, 0.008160),
('2024-12-01', 'us_dollar_index', '美元指数', 'MACRO', 107.1789, -0.022055),
('2024-12-01', 'cpi_expectation', 'CPI通胀预期', 'MACRO', 2.3026, 0.015252),
('2024-12-01', 'vix_index', 'VIX恐慌指数', 'FINANCIAL', 15.5726, -0.016564),
('2024-12-01', 'brent_change_rate', '布伦特价格变化率', 'FINANCIAL', 0.1990, 0.002358),
('2024-12-01', 'middle_east_tension', '中东紧张指数', 'GEOPOLITICAL', 2.0000, 0.078550),
('2024-12-01', 'russia_ukraine_risk', '俄乌风险指数', 'GEOPOLITICAL', 3.0000, 0.054457),
('2024-12-01', 'gpr_index', '地缘政治风险指数', 'SENTIMENT', 142.3664, 0.028313),
('2024-12-01', 'news_sentiment', '新闻情绪指数', 'SENTIMENT', -0.0479, 0.010100);

INSERT INTO risk_factor (`date`, factor_name, factor_name_zh, category, `value`, shap_value) VALUES
('2025-01-01', 'crude_inventory', '原油库存变化', 'SUPPLY_DEMAND', -9.8556, 0.036046),
('2025-01-01', 'opec_output', 'OPEC产量', 'SUPPLY_DEMAND', 28997.0003, 0.006456),
('2025-01-01', 'us_dollar_index', '美元指数', 'MACRO', 108.6552, -0.025730),
('2025-01-01', 'cpi_expectation', 'CPI通胀预期', 'MACRO', 2.3994, 0.020449),
('2025-01-01', 'vix_index', 'VIX恐慌指数', 'FINANCIAL', 16.7461, -0.009312),
('2025-01-01', 'brent_change_rate', '布伦特价格变化率', 'FINANCIAL', 0.3545, 0.005495),
('2025-01-01', 'middle_east_tension', '中东紧张指数', 'GEOPOLITICAL', 2.0000, 0.078550),
('2025-01-01', 'russia_ukraine_risk', '俄乌风险指数', 'GEOPOLITICAL', 3.0000, 0.054457),
('2025-01-01', 'gpr_index', '地缘政治风险指数', 'SENTIMENT', 112.3262, 0.001310),
('2025-01-01', 'news_sentiment', '新闻情绪指数', 'SENTIMENT', 0.0694, -0.017317),
('2025-02-01', 'crude_inventory', '原油库存变化', 'SUPPLY_DEMAND', 9.9905, -0.034970),
('2025-02-01', 'opec_output', 'OPEC产量', 'SUPPLY_DEMAND', 29164.5347, 0.004836),
('2025-02-01', 'us_dollar_index', '美元指数', 'MACRO', 107.3716, -0.022535),
('2025-02-01', 'cpi_expectation', 'CPI通胀预期', 'MACRO', 2.4239, 0.021769),
('2025-02-01', 'vix_index', 'VIX恐慌指数', 'FINANCIAL', 16.8307, -0.008789),
('2025-02-01', 'brent_change_rate', '布伦特价格变化率', 'FINANCIAL', -0.3529, -0.008776),
('2025-02-01', 'middle_east_tension', '中东紧张指数', 'GEOPOLITICAL', 2.0000, 0.078550),
('2025-02-01', 'russia_ukraine_risk', '俄乌风险指数', 'GEOPOLITICAL', 3.0000, 0.054457),
('2025-02-01', 'gpr_index', '地缘政治风险指数', 'SENTIMENT', 136.4264, 0.022973),
('2025-02-01', 'news_sentiment', '新闻情绪指数', 'SENTIMENT', 0.1617, -0.038912),
('2025-03-01', 'crude_inventory', '原油库存变化', 'SUPPLY_DEMAND', 5.8350, -0.020100),
('2025-03-01', 'opec_output', 'OPEC产量', 'SUPPLY_DEMAND', 29392.0745, 0.002636),
('2025-03-01', 'us_dollar_index', '美元指数', 'MACRO', 104.3025, -0.014894),
('2025-03-01', 'cpi_expectation', 'CPI通胀预期', 'MACRO', 2.3368, 0.017088),
('2025-03-01', 'vix_index', 'VIX恐慌指数', 'FINANCIAL', 21.6152, 0.020777),
('2025-03-01', 'brent_change_rate', '布伦特价格变化率', 'FINANCIAL', 0.1255, 0.000874),
('2025-03-01', 'middle_east_tension', '中东紧张指数', 'GEOPOLITICAL', 2.0000, 0.078550),
('2025-03-01', 'russia_ukraine_risk', '俄乌风险指数', 'GEOPOLITICAL', 3.0000, 0.054457),
('2025-03-01', 'gpr_index', '地缘政治风险指数', 'SENTIMENT', 175.4434, 0.058045),
('2025-03-01', 'news_sentiment', '新闻情绪指数', 'SENTIMENT', 0.0945, -0.023191),
('2025-04-01', 'crude_inventory', '原油库存变化', 'SUPPLY_DEMAND', 4.9461, -0.016919),
('2025-04-01', 'opec_output', 'OPEC产量', 'SUPPLY_DEMAND', 29392.0745, 0.002636),
('2025-04-01', 'us_dollar_index', '美元指数', 'MACRO', 100.5853, -0.005640),
('2025-04-01', 'cpi_expectation', 'CPI通胀预期', 'MACRO', 2.2350, 0.011623),
('2025-04-01', 'vix_index', 'VIX恐慌指数', 'FINANCIAL', 32.5220, 0.088176),
('2025-04-01', 'brent_change_rate', '布伦特价格变化率', 'FINANCIAL', -0.4630, -0.010998),
('2025-04-01', 'middle_east_tension', '中东紧张指数', 'GEOPOLITICAL', 2.0000, 0.078550),
('2025-04-01', 'russia_ukraine_risk', '俄乌风险指数', 'GEOPOLITICAL', 3.0000, 0.054457),
('2025-04-01', 'gpr_index', '地缘政治风险指数', 'SENTIMENT', 139.7104, 0.025925),
('2025-04-01', 'news_sentiment', '新闻情绪指数', 'SENTIMENT', 0.0146, -0.004502),
('2025-05-01', 'crude_inventory', '原油库存变化', 'SUPPLY_DEMAND', -5.2821, 0.019681),
('2025-05-01', 'opec_output', 'OPEC产量', 'SUPPLY_DEMAND', 29392.0745, 0.002636),
('2025-05-01', 'us_dollar_index', '美元指数', 'MACRO', 100.0915, -0.004411),
('2025-05-01', 'cpi_expectation', 'CPI通胀预期', 'MACRO', 2.3132, 0.015824),
('2025-05-01', 'vix_index', 'VIX恐慌指数', 'FINANCIAL', 20.5471, 0.014177),
('2025-05-01', 'brent_change_rate', '布伦特价格变化率', 'FINANCIAL', 0.1745, 0.001864),
('2025-05-01', 'middle_east_tension', '中东紧张指数', 'GEOPOLITICAL', 2.0000, 0.078550),
('2025-05-01', 'russia_ukraine_risk', '俄乌风险指数', 'GEOPOLITICAL', 3.0000, 0.054457),
('2025-05-01', 'gpr_index', '地缘政治风险指数', 'SENTIMENT', 165.7626, 0.049343),
('2025-05-01', 'news_sentiment', '新闻情绪指数', 'SENTIMENT', 0.0382, -0.010026);

INSERT INTO risk_factor (`date`, factor_name, factor_name_zh, category, `value`, shap_value) VALUES
('2025-06-01', 'crude_inventory', '原油库存变化', 'SUPPLY_DEMAND', -5.1253, 0.019120),
('2025-06-01', 'opec_output', 'OPEC产量', 'SUPPLY_DEMAND', 29392.0745, 0.002636),
('2025-06-01', 'us_dollar_index', '美元指数', 'MACRO', 98.4145, -0.000236),
('2025-06-01', 'cpi_expectation', 'CPI通胀预期', 'MACRO', 2.3003, 0.015131),
('2025-06-01', 'vix_index', 'VIX恐慌指数', 'FINANCIAL', 18.4700, 0.001341),
('2025-06-01', 'brent_change_rate', '布伦特价格变化率', 'FINANCIAL', 0.6537, 0.011531),
('2025-06-01', 'middle_east_tension', '中东紧张指数', 'GEOPOLITICAL', 2.0000, 0.078550),
('2025-06-01', 'russia_ukraine_risk', '俄乌风险指数', 'GEOPOLITICAL', 3.0000, 0.054457),
('2025-06-01', 'gpr_index', '地缘政治风险指数', 'SENTIMENT', 222.0878, 0.099972),
('2025-06-01', 'news_sentiment', '新闻情绪指数', 'SENTIMENT', 0.0851, -0.020991),
('2025-07-01', 'crude_inventory', '原油库存变化', 'SUPPLY_DEMAND', -4.9521, 0.018500),
('2025-07-01', 'opec_output', 'OPEC产量', 'SUPPLY_DEMAND', 29392.0745, 0.002636),
('2025-07-01', 'us_dollar_index', '美元指数', 'MACRO', 97.8969, 0.001052),
('2025-07-01', 'cpi_expectation', 'CPI通胀预期', 'MACRO', 2.3829, 0.019566),
('2025-07-01', 'vix_index', 'VIX恐慌指数', 'FINANCIAL', 16.3616, -0.011688),
('2025-07-01', 'brent_change_rate', '布伦特价格变化率', 'FINANCIAL', 0.3355, 0.005111),
('2025-07-01', 'middle_east_tension', '中东紧张指数', 'GEOPOLITICAL', 2.0000, 0.078550),
('2025-07-01', 'russia_ukraine_risk', '俄乌风险指数', 'GEOPOLITICAL', 3.0000, 0.054457),
('2025-07-01', 'gpr_index', '地缘政治风险指数', 'SENTIMENT', 134.9533, 0.021649),
('2025-07-01', 'news_sentiment', '新闻情绪指数', 'SENTIMENT', 0.0194, -0.005644),
('2025-08-01', 'crude_inventory', '原油库存变化', 'SUPPLY_DEMAND', 6.9196, -0.023981),
('2025-08-01', 'opec_output', 'OPEC产量', 'SUPPLY_DEMAND', 29392.0745, 0.002636),
('2025-08-01', 'us_dollar_index', '美元指数', 'MACRO', 98.1791, 0.000350),
('2025-08-01', 'cpi_expectation', 'CPI通胀预期', 'MACRO', 2.3826, 0.019549),
('2025-08-01', 'vix_index', 'VIX恐慌指数', 'FINANCIAL', 15.8435, -0.014889),
('2025-08-01', 'brent_change_rate', '布伦特价格变化率', 'FINANCIAL', -0.5671, -0.013099),
('2025-08-01', 'middle_east_tension', '中东紧张指数', 'GEOPOLITICAL', 2.0000, 0.078550),
('2025-08-01', 'russia_ukraine_risk', '俄乌风险指数', 'GEOPOLITICAL', 3.0000, 0.054457),
('2025-08-01', 'gpr_index', '地缘政治风险指数', 'SENTIMENT', 136.7105, 0.023229),
('2025-08-01', 'news_sentiment', '新闻情绪指数', 'SENTIMENT', 0.0581, -0.014682),
('2025-09-01', 'crude_inventory', '原油库存变化', 'SUPPLY_DEMAND', 2.5467, -0.008333),
('2025-09-01', 'opec_output', 'OPEC产量', 'SUPPLY_DEMAND', 29392.0745, 0.002636),
('2025-09-01', 'us_dollar_index', '美元指数', 'MACRO', 97.7212, 0.001490),
('2025-09-01', 'cpi_expectation', 'CPI通胀预期', 'MACRO', 2.3737, 0.019070),
('2025-09-01', 'vix_index', 'VIX恐慌指数', 'FINANCIAL', 15.6240, -0.016246),
('2025-09-01', 'brent_change_rate', '布伦特价格变化率', 'FINANCIAL', -0.1390, -0.004462),
('2025-09-01', 'middle_east_tension', '中东紧张指数', 'GEOPOLITICAL', 2.0000, 0.078550),
('2025-09-01', 'russia_ukraine_risk', '俄乌风险指数', 'GEOPOLITICAL', 3.0000, 0.054457),
('2025-09-01', 'gpr_index', '地缘政治风险指数', 'SENTIMENT', 124.0797, 0.011875),
('2025-09-01', 'news_sentiment', '新闻情绪指数', 'SENTIMENT', 0.1154, -0.028074),
('2025-10-01', 'crude_inventory', '原油库存变化', 'SUPPLY_DEMAND', -6.3518, 0.023508),
('2025-10-01', 'opec_output', 'OPEC产量', 'SUPPLY_DEMAND', 29392.0745, 0.002636),
('2025-10-01', 'us_dollar_index', '美元指数', 'MACRO', 98.6912, -0.000925),
('2025-10-01', 'cpi_expectation', 'CPI通胀预期', 'MACRO', 2.3029, 0.015269),
('2025-10-01', 'vix_index', 'VIX恐慌指数', 'FINANCIAL', 18.2874, 0.000213),
('2025-10-01', 'brent_change_rate', '布伦特价格变化率', 'FINANCIAL', -0.2719, -0.007144),
('2025-10-01', 'middle_east_tension', '中东紧张指数', 'GEOPOLITICAL', 2.0000, 0.078550),
('2025-10-01', 'russia_ukraine_risk', '俄乌风险指数', 'GEOPOLITICAL', 3.0000, 0.054457),
('2025-10-01', 'gpr_index', '地缘政治风险指数', 'SENTIMENT', 154.4252, 0.039152),
('2025-10-01', 'news_sentiment', '新闻情绪指数', 'SENTIMENT', 0.1461, -0.035267);

INSERT INTO risk_factor (`date`, factor_name, factor_name_zh, category, `value`, shap_value) VALUES
('2025-11-01', 'crude_inventory', '原油库存变化', 'SUPPLY_DEMAND', -0.5009, 0.002572),
('2025-11-01', 'opec_output', 'OPEC产量', 'SUPPLY_DEMAND', 29392.0745, 0.002636),
('2025-11-01', 'us_dollar_index', '美元指数', 'MACRO', 99.7016, -0.003441),
('2025-11-01', 'cpi_expectation', 'CPI通胀预期', 'MACRO', 2.2657, 0.013270),
('2025-11-01', 'vix_index', 'VIX恐慌指数', 'FINANCIAL', 19.5883, 0.008252),
('2025-11-01', 'brent_change_rate', '布伦特价格变化率', 'FINANCIAL', -0.0167, -0.001993),
('2025-11-01', 'middle_east_tension', '中东紧张指数', 'GEOPOLITICAL', 2.0000, 0.078550),
('2025-11-01', 'russia_ukraine_risk', '俄乌风险指数', 'GEOPOLITICAL', 3.0000, 0.054457),
('2025-11-01', 'gpr_index', '地缘政治风险指数', 'SENTIMENT', 105.0746, -0.005208),
('2025-11-01', 'news_sentiment', '新闻情绪指数', 'SENTIMENT', 0.1370, -0.033122),
('2025-12-01', 'crude_inventory', '原油库存变化', 'SUPPLY_DEMAND', -2.8800, 0.011085),
('2025-12-01', 'opec_output', 'OPEC产量', 'SUPPLY_DEMAND', 29392.0745, 0.002636),
('2025-12-01', 'us_dollar_index', '美元指数', 'MACRO', 98.5235, -0.000508),
('2025-12-01', 'cpi_expectation', 'CPI通胀预期', 'MACRO', 2.2448, 0.012151),
('2025-12-01', 'vix_index', 'VIX恐慌指数', 'FINANCIAL', 15.3177, -0.018138),
('2025-12-01', 'brent_change_rate', '布伦特价格变化率', 'FINANCIAL', -0.1384, -0.004449),
('2025-12-01', 'middle_east_tension', '中东紧张指数', 'GEOPOLITICAL', 2.0000, 0.078550),
('2025-12-01', 'russia_ukraine_risk', '俄乌风险指数', 'GEOPOLITICAL', 3.0000, 0.054457),
('2025-12-01', 'gpr_index', '地缘政治风险指数', 'SENTIMENT', 132.2149, 0.019188),
('2025-12-01', 'news_sentiment', '新闻情绪指数', 'SENTIMENT', 0.1522, -0.036688);

-- alert data
INSERT INTO alert (date, level, risk_index, trigger_type, trigger_factor, trigger_factor_zh, summary, summary_en, detail) VALUES
('2015-10-01', 'Low', 31.64, 'TREND', 'news_sentiment', '新闻情绪指数', '风险指数回落至31.64，新闻情绪指数趋势缓解', 'Risk index falls to 31.64, news_sentiment trend easing', '[{"ruleType": "ANOMALY", "factor": "news_sentiment", "factorZh": "新闻情绪指数", "currentValue": -0.13, "threshold": -0.11, "description": "新闻情绪指数当前值-0.13，SHAP贡献0.0304"}]'),
('2016-02-01', 'Low', 33.52, 'TREND', 'news_sentiment', '新闻情绪指数', '风险指数回落至33.52，新闻情绪指数趋势缓解', 'Risk index falls to 33.52, news_sentiment trend easing', '[{"ruleType": "TREND", "factor": "cpi_expectation", "factorZh": "CPI通胀预期", "currentValue": 1.31, "threshold": 1.11, "description": "CPI通胀预期当前值1.31，SHAP贡献-0.0382"}, {"ruleType": "ANOMALY", "factor": "news_sentiment", "factorZh": "新闻情绪指数", "currentValue": 0.18, "threshold": 0.15, "description": "新闻情绪指数当前值0.18，SHAP贡献-0.0420"}]'),
('2018-06-01', 'Low', 24.81, 'TREND', 'crude_inventory', '原油库存变化', '风险指数回落至24.81，原油库存变化趋势缓解', 'Risk index falls to 24.81, crude_inventory trend easing', '[{"ruleType": "ANOMALY", "factor": "crude_inventory", "factorZh": "原油库存变化", "currentValue": -11.04, "threshold": -9.38, "description": "原油库存变化当前值-11.04，SHAP贡献0.0403"}]'),
('2019-02-01', 'Low', 34.67, 'TREND', 'russia_ukraine_risk', '俄乌风险指数', '风险指数回落至34.67，俄乌风险指数趋势缓解', 'Risk index falls to 34.67, russia_ukraine_risk trend easing', '[{"ruleType": "THRESHOLD", "factor": "risk_index", "factorZh": "综合风险指数", "currentValue": 34.67, "threshold": 40.0, "description": "综合风险指数达34.67"}]'),
('2019-07-01', 'Low', 22.10, 'TREND', 'vix_index', 'VIX恐慌指数', '风险指数回落至22.1，VIX恐慌指数趋势缓解', 'Risk index falls to 22.1, vix_index trend easing', '[{"ruleType": "ANOMALY", "factor": "vix_index", "factorZh": "VIX恐慌指数", "currentValue": 13.22, "threshold": 11.24, "description": "VIX恐慌指数当前值13.22，SHAP贡献-0.0311"}]'),
('2020-02-01', 'Medium', 55.17, 'ANOMALY', 'news_sentiment', '新闻情绪指数', '新闻情绪指数触发中等风险预警，风险指数55.17', 'news_sentiment triggers medium risk alert, risk index 55.17', '[{"ruleType": "ANOMALY", "factor": "gpr_index", "factorZh": "地缘政治风险指数", "currentValue": 75.96, "threshold": 64.56, "description": "地缘政治风险指数当前值75.96，SHAP贡献-0.0314"}, {"ruleType": "ANOMALY", "factor": "news_sentiment", "factorZh": "新闻情绪指数", "currentValue": -0.15, "threshold": -0.13, "description": "新闻情绪指数当前值-0.15，SHAP贡献0.0344"}]'),
('2020-03-01', 'Medium', 63.26, 'ANOMALY', 'vix_index', 'VIX恐慌指数', 'VIX恐慌指数触发中等风险预警，风险指数63.26', 'vix_index triggers medium risk alert, risk index 63.26', '[{"ruleType": "ANOMALY", "factor": "vix_index", "factorZh": "VIX恐慌指数", "currentValue": 57.19, "threshold": 48.62, "description": "VIX恐慌指数当前值57.19，SHAP贡献0.1500"}, {"ruleType": "ANOMALY", "factor": "brent_change_rate", "factorZh": "布伦特价格变化率", "currentValue": -3.58, "threshold": -3.04, "description": "布伦特价格变化率当前值-3.58，SHAP贡献-0.0739"}, {"ruleType": "ANOMALY", "factor": "cpi_expectation", "factorZh": "CPI通胀预期", "currentValue": 1.0, "threshold": 0.85, "description": "CPI通胀预期当前值1.00，SHAP贡献-0.0548"}]'),
('2020-04-01', 'High', 65.91, 'ANOMALY', 'crude_inventory', '原油库存变化', '风险指数达65.91，原油库存变化异常，触发高风险预警', 'Risk index at 65.91, crude_inventory abnormal, high risk alert triggered', '[{"ruleType": "TREND", "factor": "gpr_index", "factorZh": "地缘政治风险指数", "currentValue": 69.34, "threshold": 58.94, "description": "地缘政治风险指数当前值69.34，SHAP贡献-0.0373"}, {"ruleType": "ANOMALY", "factor": "crude_inventory", "factorZh": "原油库存变化", "currentValue": 43.28, "threshold": 36.79, "description": "原油库存变化当前值43.28，SHAP贡献-0.1500"}, {"ruleType": "ANOMALY", "factor": "vix_index", "factorZh": "VIX恐慌指数", "currentValue": 41.24, "threshold": 35.06, "description": "VIX恐慌指数当前值41.24，SHAP贡献0.1421"}]'),
('2020-05-01', 'High', 68.65, 'ANOMALY', 'vix_index', 'VIX恐慌指数', '风险指数达68.65，VIX恐慌指数异常，触发高风险预警', 'Risk index at 68.65, vix_index abnormal, high risk alert triggered', '[{"ruleType": "ANOMALY", "factor": "opec_output", "factorZh": "OPEC产量", "currentValue": 24775.64, "threshold": 21059.29, "description": "OPEC产量当前值24775.64，SHAP贡献0.0473"}, {"ruleType": "TREND", "factor": "gpr_index", "factorZh": "地缘政治风险指数", "currentValue": 68.51, "threshold": 58.23, "description": "地缘政治风险指数当前值68.51，SHAP贡献-0.0381"}, {"ruleType": "ANOMALY", "factor": "vix_index", "factorZh": "VIX恐慌指数", "currentValue": 30.7, "threshold": 26.09, "description": "VIX恐慌指数当前值30.70，SHAP贡献0.0769"}]'),
('2020-06-01', 'Medium', 60.45, 'THRESHOLD', 'news_sentiment', '新闻情绪指数', '新闻情绪指数触发中等风险预警，风险指数60.45', 'news_sentiment triggers medium risk alert, risk index 60.45', '[{"ruleType": "THRESHOLD", "factor": "opec_output", "factorZh": "OPEC产量", "currentValue": 22876.22, "threshold": 19444.79, "description": "OPEC产量当前值22876.22，SHAP贡献0.0656"}, {"ruleType": "THRESHOLD", "factor": "gpr_index", "factorZh": "地缘政治风险指数", "currentValue": 71.23, "threshold": 60.54, "description": "地缘政治风险指数当前值71.23，SHAP贡献-0.0356"}, {"ruleType": "TREND", "factor": "vix_index", "factorZh": "VIX恐慌指数", "currentValue": 31.52, "threshold": 26.79, "description": "VIX恐慌指数当前值31.52，SHAP贡献0.0820"}]'),
('2020-07-01', 'Medium', 63.36, 'THRESHOLD', 'news_sentiment', '新闻情绪指数', '新闻情绪指数触发中等风险预警，风险指数63.36', 'news_sentiment triggers medium risk alert, risk index 63.36', '[{"ruleType": "TREND", "factor": "opec_output", "factorZh": "OPEC产量", "currentValue": 23586.52, "threshold": 20048.54, "description": "OPEC产量当前值23586.52，SHAP贡献0.0588"}, {"ruleType": "TREND", "factor": "gpr_index", "factorZh": "地缘政治风险指数", "currentValue": 66.47, "threshold": 56.5, "description": "地缘政治风险指数当前值66.47，SHAP贡献-0.0399"}, {"ruleType": "THRESHOLD", "factor": "vix_index", "factorZh": "VIX恐慌指数", "currentValue": 26.81, "threshold": 22.79, "description": "VIX恐慌指数当前值26.81，SHAP贡献0.0529"}]'),
('2020-08-01', 'Medium', 62.93, 'ANOMALY', 'news_sentiment', '新闻情绪指数', '新闻情绪指数触发中等风险预警，风险指数62.93', 'news_sentiment triggers medium risk alert, risk index 62.93', '[{"ruleType": "TREND", "factor": "opec_output", "factorZh": "OPEC产量", "currentValue": 24539.47, "threshold": 20858.55, "description": "OPEC产量当前值24539.47，SHAP贡献0.0495"}, {"ruleType": "TREND", "factor": "gpr_index", "factorZh": "地缘政治风险指数", "currentValue": 65.47, "threshold": 55.65, "description": "地缘政治风险指数当前值65.47，SHAP贡献-0.0408"}, {"ruleType": "ANOMALY", "factor": "news_sentiment", "factorZh": "新闻情绪指数", "currentValue": -0.59, "threshold": -0.5, "description": "新闻情绪指数当前值-0.59，SHAP贡献0.1372"}]'),
('2020-09-01', 'Medium', 61.47, 'THRESHOLD', 'news_sentiment', '新闻情绪指数', '新闻情绪指数触发中等风险预警，风险指数61.47', 'news_sentiment triggers medium risk alert, risk index 61.47', '[{"ruleType": "THRESHOLD", "factor": "opec_output", "factorZh": "OPEC产量", "currentValue": 24501.51, "threshold": 20826.28, "description": "OPEC产量当前值24501.51，SHAP贡献0.0499"}, {"ruleType": "ANOMALY", "factor": "vix_index", "factorZh": "VIX恐慌指数", "currentValue": 27.7, "threshold": 23.55, "description": "VIX恐慌指数当前值27.70，SHAP贡献0.0584"}, {"ruleType": "THRESHOLD", "factor": "news_sentiment", "factorZh": "新闻情绪指数", "currentValue": -0.63, "threshold": -0.54, "description": "新闻情绪指数当前值-0.63，SHAP贡献0.1462"}]'),
('2020-10-01', 'Medium', 58.95, 'THRESHOLD', 'news_sentiment', '新闻情绪指数', '新闻情绪指数触发中等风险预警，风险指数58.95', 'news_sentiment triggers medium risk alert, risk index 58.95', '[{"ruleType": "TREND", "factor": "opec_output", "factorZh": "OPEC产量", "currentValue": 24962.54, "threshold": 21218.16, "description": "OPEC产量当前值24962.54，SHAP贡献0.0455"}, {"ruleType": "TREND", "factor": "gpr_index", "factorZh": "地缘政治风险指数", "currentValue": 76.08, "threshold": 64.67, "description": "地缘政治风险指数当前值76.08，SHAP贡献-0.0313"}, {"ruleType": "TREND", "factor": "vix_index", "factorZh": "VIX恐慌指数", "currentValue": 29.06, "threshold": 24.7, "description": "VIX恐慌指数当前值29.06，SHAP贡献0.0668"}]'),
('2020-11-01', 'Medium', 56.03, 'THRESHOLD', 'news_sentiment', '新闻情绪指数', '新闻情绪指数触发中等风险预警，风险指数56.03', 'news_sentiment triggers medium risk alert, risk index 56.03', '[{"ruleType": "TREND", "factor": "opec_output", "factorZh": "OPEC产量", "currentValue": 25700.43, "threshold": 21845.37, "description": "OPEC产量当前值25700.43，SHAP贡献0.0383"}, {"ruleType": "TREND", "factor": "gpr_index", "factorZh": "地缘政治风险指数", "currentValue": 70.07, "threshold": 59.56, "description": "地缘政治风险指数当前值70.07，SHAP贡献-0.0367"}, {"ruleType": "THRESHOLD", "factor": "vix_index", "factorZh": "VIX恐慌指数", "currentValue": 24.81, "threshold": 21.09, "description": "VIX恐慌指数当前值24.81，SHAP贡献0.0405"}]'),
('2021-07-01', 'Low', 32.11, 'TREND', 'crude_inventory', '原油库存变化', '风险指数回落至32.11，原油库存变化趋势缓解', 'Risk index falls to 32.11, crude_inventory trend easing', '[{"ruleType": "ANOMALY", "factor": "gpr_index", "factorZh": "地缘政治风险指数", "currentValue": 58.42, "threshold": 49.66, "description": "地缘政治风险指数当前值58.42，SHAP贡献-0.0471"}, {"ruleType": "ANOMALY", "factor": "crude_inventory", "factorZh": "原油库存变化", "currentValue": -13.39, "threshold": -11.38, "description": "原油库存变化当前值-13.39，SHAP贡献0.0487"}]'),
('2021-10-01', 'Low', 24.88, 'TREND', 'crude_inventory', '原油库存变化', '风险指数回落至24.88，原油库存变化趋势缓解', 'Risk index falls to 24.88, crude_inventory trend easing', '[{"ruleType": "ANOMALY", "factor": "crude_inventory", "factorZh": "原油库存变化", "currentValue": -9.99, "threshold": -8.5, "description": "原油库存变化当前值-9.99，SHAP贡献0.0365"}, {"ruleType": "ANOMALY", "factor": "news_sentiment", "factorZh": "新闻情绪指数", "currentValue": 0.13, "threshold": 0.11, "description": "新闻情绪指数当前值0.13，SHAP贡献-0.0306"}]'),
('2022-01-01', 'Medium', 61.66, 'THRESHOLD', 'russia_ukraine_risk', '俄乌风险指数', '俄乌风险指数触发中等风险预警，风险指数61.66', 'russia_ukraine_risk triggers medium risk alert, risk index 61.66', '[{"ruleType": "THRESHOLD", "factor": "risk_index", "factorZh": "综合风险指数", "currentValue": 61.66, "threshold": 40.0, "description": "综合风险指数达61.66"}]'),
('2022-02-01', 'Medium', 55.02, 'ANOMALY', 'gpr_index', '地缘政治风险指数', '地缘政治风险指数触发中等风险预警，风险指数55.02', 'gpr_index triggers medium risk alert, risk index 55.02', '[{"ruleType": "ANOMALY", "factor": "gpr_index", "factorZh": "地缘政治风险指数", "currentValue": 216.16, "threshold": 183.74, "description": "地缘政治风险指数当前值216.16，SHAP贡献0.0946"}, {"ruleType": "TREND", "factor": "vix_index", "factorZh": "VIX恐慌指数", "currentValue": 26.03, "threshold": 22.12, "description": "VIX恐慌指数当前值26.03，SHAP贡献0.0481"}, {"ruleType": "ANOMALY", "factor": "crude_inventory", "factorZh": "原油库存变化", "currentValue": -23.38, "threshold": -19.88, "description": "原油库存变化当前值-23.38，SHAP贡献0.0844"}]'),
('2022-03-01', 'High', 66.52, 'ANOMALY', 'gpr_index', '地缘政治风险指数', '风险指数达66.52，地缘政治风险指数异常，触发高风险预警', 'Risk index at 66.52, gpr_index abnormal, high risk alert triggered', '[{"ruleType": "ANOMALY", "factor": "gpr_index", "factorZh": "地缘政治风险指数", "currentValue": 318.95, "threshold": 271.11, "description": "地缘政治风险指数当前值318.95，SHAP贡献0.1500"}, {"ruleType": "TREND", "factor": "vix_index", "factorZh": "VIX恐慌指数", "currentValue": 26.94, "threshold": 22.9, "description": "VIX恐慌指数当前值26.94，SHAP贡献0.0537"}, {"ruleType": "ANOMALY", "factor": "russia_ukraine_risk", "factorZh": "俄乌风险指数", "currentValue": 3.0, "threshold": 2.55, "description": "俄乌风险指数当前值3.00，SHAP贡献0.0545"}]'),
('2022-04-01', 'High', 73.90, 'ANOMALY', 'gpr_index', '地缘政治风险指数', '风险指数达73.9，地缘政治风险指数异常，触发高风险预警', 'Risk index at 73.9, gpr_index abnormal, high risk alert triggered', '[{"ruleType": "ANOMALY", "factor": "gpr_index", "factorZh": "地缘政治风险指数", "currentValue": 191.14, "threshold": 162.47, "description": "地缘政治风险指数当前值191.14，SHAP贡献0.0722"}, {"ruleType": "THRESHOLD", "factor": "vix_index", "factorZh": "VIX恐慌指数", "currentValue": 24.23, "threshold": 20.6, "description": "VIX恐慌指数当前值24.23，SHAP贡献0.0369"}, {"ruleType": "ANOMALY", "factor": "crude_inventory", "factorZh": "原油库存变化", "currentValue": 11.74, "threshold": 9.98, "description": "原油库存变化当前值11.74，SHAP贡献-0.0412"}]'),
('2022-05-01', 'High', 70.96, 'ANOMALY', 'vix_index', 'VIX恐慌指数', '风险指数达70.96，VIX恐慌指数异常，触发高风险预警', 'Risk index at 70.96, vix_index abnormal, high risk alert triggered', '[{"ruleType": "ANOMALY", "factor": "vix_index", "factorZh": "VIX恐慌指数", "currentValue": 29.25, "threshold": 24.86, "description": "VIX恐慌指数当前值29.25，SHAP贡献0.0680"}, {"ruleType": "THRESHOLD", "factor": "russia_ukraine_risk", "factorZh": "俄乌风险指数", "currentValue": 3.0, "threshold": 2.55, "description": "俄乌风险指数当前值3.00，SHAP贡献0.0545"}, {"ruleType": "THRESHOLD", "factor": "cpi_expectation", "factorZh": "CPI通胀预期", "currentValue": 2.69, "threshold": 2.29, "description": "CPI通胀预期当前值2.69，SHAP贡献0.0361"}]'),
('2022-06-01', 'High', 68.65, 'THRESHOLD', 'vix_index', 'VIX恐慌指数', '风险指数达68.65，VIX恐慌指数异常，触发高风险预警', 'Risk index at 68.65, vix_index abnormal, high risk alert triggered', '[{"ruleType": "THRESHOLD", "factor": "vix_index", "factorZh": "VIX恐慌指数", "currentValue": 28.1, "threshold": 23.88, "description": "VIX恐慌指数当前值28.10，SHAP贡献0.0608"}, {"ruleType": "ANOMALY", "factor": "crude_inventory", "factorZh": "原油库存变化", "currentValue": -15.0, "threshold": -12.75, "description": "原油库存变化当前值-15.00，SHAP贡献0.0545"}, {"ruleType": "THRESHOLD", "factor": "russia_ukraine_risk", "factorZh": "俄乌风险指数", "currentValue": 3.0, "threshold": 2.55, "description": "俄乌风险指数当前值3.00，SHAP贡献0.0545"}]'),
('2022-07-01', 'High', 77.73, 'THRESHOLD', 'russia_ukraine_risk', '俄乌风险指数', '风险指数达77.73，俄乌风险指数异常，触发高风险预警', 'Risk index at 77.73, russia_ukraine_risk abnormal, high risk alert triggered', '[{"ruleType": "THRESHOLD", "factor": "vix_index", "factorZh": "VIX恐慌指数", "currentValue": 24.67, "threshold": 20.97, "description": "VIX恐慌指数当前值24.67，SHAP贡献0.0397"}, {"ruleType": "THRESHOLD", "factor": "russia_ukraine_risk", "factorZh": "俄乌风险指数", "currentValue": 3.0, "threshold": 2.55, "description": "俄乌风险指数当前值3.00，SHAP贡献0.0545"}]'),
('2022-08-01', 'High', 75.26, 'THRESHOLD', 'russia_ukraine_risk', '俄乌风险指数', '风险指数达75.26，俄乌风险指数异常，触发高风险预警', 'Risk index at 75.26, russia_ukraine_risk abnormal, high risk alert triggered', '[{"ruleType": "ANOMALY", "factor": "crude_inventory", "factorZh": "原油库存变化", "currentValue": 12.26, "threshold": 10.43, "description": "原油库存变化当前值12.26，SHAP贡献-0.0431"}, {"ruleType": "THRESHOLD", "factor": "russia_ukraine_risk", "factorZh": "俄乌风险指数", "currentValue": 3.0, "threshold": 2.55, "description": "俄乌风险指数当前值3.00，SHAP贡献0.0545"}]'),
('2022-09-01', 'High', 68.51, 'THRESHOLD', 'russia_ukraine_risk', '俄乌风险指数', '风险指数达68.51，俄乌风险指数异常，触发高风险预警', 'Risk index at 68.51, russia_ukraine_risk abnormal, high risk alert triggered', '[{"ruleType": "THRESHOLD", "factor": "us_dollar_index", "factorZh": "美元指数", "currentValue": 110.6, "threshold": 94.01, "description": "美元指数当前值110.60，SHAP贡献-0.0306"}, {"ruleType": "ANOMALY", "factor": "vix_index", "factorZh": "VIX恐慌指数", "currentValue": 27.02, "threshold": 22.96, "description": "VIX恐慌指数当前值27.02，SHAP贡献0.0542"}, {"ruleType": "THRESHOLD", "factor": "russia_ukraine_risk", "factorZh": "俄乌风险指数", "currentValue": 3.0, "threshold": 2.55, "description": "俄乌风险指数当前值3.00，SHAP贡献0.0545"}]'),
('2022-10-01', 'High', 73.38, 'TREND', 'vix_index', 'VIX恐慌指数', '风险指数达73.38，VIX恐慌指数异常，触发高风险预警', 'Risk index at 73.38, vix_index abnormal, high risk alert triggered', '[{"ruleType": "THRESHOLD", "factor": "us_dollar_index", "factorZh": "美元指数", "currentValue": 112.01, "threshold": 95.2, "description": "美元指数当前值112.01，SHAP贡献-0.0341"}, {"ruleType": "TREND", "factor": "vix_index", "factorZh": "VIX恐慌指数", "currentValue": 30.03, "threshold": 25.53, "description": "VIX恐慌指数当前值30.03，SHAP贡献0.0728"}, {"ruleType": "THRESHOLD", "factor": "russia_ukraine_risk", "factorZh": "俄乌风险指数", "currentValue": 3.0, "threshold": 2.55, "description": "俄乌风险指数当前值3.00，SHAP贡献0.0545"}]'),
('2022-11-01', 'High', 65.10, 'THRESHOLD', 'russia_ukraine_risk', '俄乌风险指数', '风险指数达65.1，俄乌风险指数异常，触发高风险预警', 'Risk index at 65.1, russia_ukraine_risk abnormal, high risk alert triggered', '[{"ruleType": "ANOMALY", "factor": "vix_index", "factorZh": "VIX恐慌指数", "currentValue": 23.13, "threshold": 19.66, "description": "VIX恐慌指数当前值23.13，SHAP贡献0.0301"}, {"ruleType": "THRESHOLD", "factor": "russia_ukraine_risk", "factorZh": "俄乌风险指数", "currentValue": 3.0, "threshold": 2.55, "description": "俄乌风险指数当前值3.00，SHAP贡献0.0545"}]'),
('2022-12-01', 'Medium', 61.38, 'THRESHOLD', 'russia_ukraine_risk', '俄乌风险指数', '俄乌风险指数触发中等风险预警，风险指数61.38', 'russia_ukraine_risk triggers medium risk alert, risk index 61.38', '[{"ruleType": "THRESHOLD", "factor": "russia_ukraine_risk", "factorZh": "俄乌风险指数", "currentValue": 3.0, "threshold": 2.55, "description": "俄乌风险指数当前值3.00，SHAP贡献0.0545"}, {"ruleType": "ANOMALY", "factor": "news_sentiment", "factorZh": "新闻情绪指数", "currentValue": 0.17, "threshold": 0.15, "description": "新闻情绪指数当前值0.17，SHAP贡献-0.0415"}]'),
('2023-01-01', 'Medium', 63.56, 'ANOMALY', 'crude_inventory', '原油库存变化', '原油库存变化触发中等风险预警，风险指数63.56', 'crude_inventory triggers medium risk alert, risk index 63.56', '[{"ruleType": "ANOMALY", "factor": "crude_inventory", "factorZh": "原油库存变化", "currentValue": 28.24, "threshold": 24.0, "description": "原油库存变化当前值28.24，SHAP贡献-0.1003"}, {"ruleType": "THRESHOLD", "factor": "russia_ukraine_risk", "factorZh": "俄乌风险指数", "currentValue": 3.0, "threshold": 2.55, "description": "俄乌风险指数当前值3.00，SHAP贡献0.0545"}, {"ruleType": "ANOMALY", "factor": "news_sentiment", "factorZh": "新闻情绪指数", "currentValue": 0.24, "threshold": 0.21, "description": "新闻情绪指数当前值0.24，SHAP贡献-0.0577"}]'),
('2023-02-01', 'High', 66.27, 'TREND', 'crude_inventory', '原油库存变化', '风险指数达66.27，原油库存变化异常，触发高风险预警', 'Risk index at 66.27, crude_inventory abnormal, high risk alert triggered', '[{"ruleType": "TREND", "factor": "crude_inventory", "factorZh": "原油库存变化", "currentValue": 25.74, "threshold": 21.88, "description": "原油库存变化当前值25.74，SHAP贡献-0.0913"}, {"ruleType": "THRESHOLD", "factor": "russia_ukraine_risk", "factorZh": "俄乌风险指数", "currentValue": 3.0, "threshold": 2.55, "description": "俄乌风险指数当前值3.00，SHAP贡献0.0545"}, {"ruleType": "THRESHOLD", "factor": "news_sentiment", "factorZh": "新闻情绪指数", "currentValue": 0.27, "threshold": 0.23, "description": "新闻情绪指数当前值0.27，SHAP贡献-0.0640"}]'),
('2023-03-01', 'Medium', 61.07, 'TREND', 'news_sentiment', '新闻情绪指数', '新闻情绪指数触发中等风险预警，风险指数61.07', 'news_sentiment triggers medium risk alert, risk index 61.07', '[{"ruleType": "THRESHOLD", "factor": "russia_ukraine_risk", "factorZh": "俄乌风险指数", "currentValue": 3.0, "threshold": 2.55, "description": "俄乌风险指数当前值3.00，SHAP贡献0.0545"}, {"ruleType": "TREND", "factor": "news_sentiment", "factorZh": "新闻情绪指数", "currentValue": 0.26, "threshold": 0.22, "description": "新闻情绪指数当前值0.26，SHAP贡献-0.0612"}]'),
('2023-05-01', 'Medium', 62.98, 'THRESHOLD', 'russia_ukraine_risk', '俄乌风险指数', '俄乌风险指数触发中等风险预警，风险指数62.98', 'russia_ukraine_risk triggers medium risk alert, risk index 62.98', '[{"ruleType": "THRESHOLD", "factor": "russia_ukraine_risk", "factorZh": "俄乌风险指数", "currentValue": 3.0, "threshold": 2.55, "description": "俄乌风险指数当前值3.00，SHAP贡献0.0545"}]'),
('2023-10-01', 'Medium', 64.12, 'ANOMALY', 'gpr_index', '地缘政治风险指数', '地缘政治风险指数触发中等风险预警，风险指数64.12', 'gpr_index triggers medium risk alert, risk index 64.12', '[{"ruleType": "ANOMALY", "factor": "gpr_index", "factorZh": "地缘政治风险指数", "currentValue": 197.89, "threshold": 168.2, "description": "地缘政治风险指数当前值197.89，SHAP贡献0.0782"}, {"ruleType": "ANOMALY", "factor": "crude_inventory", "factorZh": "原油库存变化", "currentValue": -11.08, "threshold": -9.42, "description": "原油库存变化当前值-11.08，SHAP贡献0.0404"}, {"ruleType": "THRESHOLD", "factor": "russia_ukraine_risk", "factorZh": "俄乌风险指数", "currentValue": 3.0, "threshold": 2.55, "description": "俄乌风险指数当前值3.00，SHAP贡献0.0545"}]'),
('2023-11-01', 'Medium', 63.44, 'THRESHOLD', 'middle_east_tension', '中东紧张指数', '中东紧张指数触发中等风险预警，风险指数63.44', 'middle_east_tension triggers medium risk alert, risk index 63.44', '[{"ruleType": "ANOMALY", "factor": "gpr_index", "factorZh": "地缘政治风险指数", "currentValue": 156.7, "threshold": 133.19, "description": "地缘政治风险指数当前值156.70，SHAP贡献0.0412"}, {"ruleType": "ANOMALY", "factor": "crude_inventory", "factorZh": "原油库存变化", "currentValue": 17.11, "threshold": 14.54, "description": "原油库存变化当前值17.11，SHAP贡献-0.0604"}, {"ruleType": "THRESHOLD", "factor": "russia_ukraine_risk", "factorZh": "俄乌风险指数", "currentValue": 3.0, "threshold": 2.55, "description": "俄乌风险指数当前值3.00，SHAP贡献0.0545"}]'),
('2023-12-01', 'Medium', 60.57, 'ANOMALY', 'crude_inventory', '原油库存变化', '原油库存变化触发中等风险预警，风险指数60.57', 'crude_inventory triggers medium risk alert, risk index 60.57', '[{"ruleType": "ANOMALY", "factor": "crude_inventory", "factorZh": "原油库存变化", "currentValue": 27.11, "threshold": 23.05, "description": "原油库存变化当前值27.11，SHAP贡献-0.0962"}, {"ruleType": "TREND", "factor": "vix_index", "factorZh": "VIX恐慌指数", "currentValue": 12.67, "threshold": 10.77, "description": "VIX恐慌指数当前值12.67，SHAP贡献-0.0345"}, {"ruleType": "THRESHOLD", "factor": "russia_ukraine_risk", "factorZh": "俄乌风险指数", "currentValue": 3.0, "threshold": 2.55, "description": "俄乌风险指数当前值3.00，SHAP贡献0.0545"}]'),
('2024-01-01', 'Medium', 57.34, 'THRESHOLD', 'middle_east_tension', '中东紧张指数', '中东紧张指数触发中等风险预警，风险指数57.34', 'middle_east_tension triggers medium risk alert, risk index 57.34', '[{"ruleType": "TREND", "factor": "gpr_index", "factorZh": "地缘政治风险指数", "currentValue": 160.37, "threshold": 136.32, "description": "地缘政治风险指数当前值160.37，SHAP贡献0.0445"}, {"ruleType": "THRESHOLD", "factor": "vix_index", "factorZh": "VIX恐慌指数", "currentValue": 13.3, "threshold": 11.3, "description": "VIX恐慌指数当前值13.30，SHAP贡献-0.0306"}, {"ruleType": "THRESHOLD", "factor": "russia_ukraine_risk", "factorZh": "俄乌风险指数", "currentValue": 3.0, "threshold": 2.55, "description": "俄乌风险指数当前值3.00，SHAP贡献0.0545"}]'),
('2024-02-01', 'Medium', 55.73, 'THRESHOLD', 'middle_east_tension', '中东紧张指数', '中东紧张指数触发中等风险预警，风险指数55.73', 'middle_east_tension triggers medium risk alert, risk index 55.73', '[{"ruleType": "THRESHOLD", "factor": "gpr_index", "factorZh": "地缘政治风险指数", "currentValue": 146.6, "threshold": 124.61, "description": "地缘政治风险指数当前值146.60，SHAP贡献0.0321"}, {"ruleType": "THRESHOLD", "factor": "russia_ukraine_risk", "factorZh": "俄乌风险指数", "currentValue": 3.0, "threshold": 2.55, "description": "俄乌风险指数当前值3.00，SHAP贡献0.0545"}, {"ruleType": "THRESHOLD", "factor": "middle_east_tension", "factorZh": "中东紧张指数", "currentValue": 2.0, "threshold": 1.7, "description": "中东紧张指数当前值2.00，SHAP贡献0.0785"}]'),
('2024-03-01', 'Medium', 61.98, 'THRESHOLD', 'middle_east_tension', '中东紧张指数', '中东紧张指数触发中等风险预警，风险指数61.98', 'middle_east_tension triggers medium risk alert, risk index 61.98', '[{"ruleType": "ANOMALY", "factor": "crude_inventory", "factorZh": "原油库存变化", "currentValue": 9.72, "threshold": 8.27, "description": "原油库存变化当前值9.72，SHAP贡献-0.0340"}, {"ruleType": "THRESHOLD", "factor": "russia_ukraine_risk", "factorZh": "俄乌风险指数", "currentValue": 3.0, "threshold": 2.55, "description": "俄乌风险指数当前值3.00，SHAP贡献0.0545"}, {"ruleType": "THRESHOLD", "factor": "middle_east_tension", "factorZh": "中东紧张指数", "currentValue": 2.0, "threshold": 1.7, "description": "中东紧张指数当前值2.00，SHAP贡献0.0785"}]'),
('2024-04-01', 'High', 70.14, 'THRESHOLD', 'middle_east_tension', '中东紧张指数', '风险指数达70.14，中东紧张指数异常，触发高风险预警', 'Risk index at 70.14, middle_east_tension abnormal, high risk alert triggered', '[{"ruleType": "ANOMALY", "factor": "gpr_index", "factorZh": "地缘政治风险指数", "currentValue": 163.95, "threshold": 139.36, "description": "地缘政治风险指数当前值163.95，SHAP贡献0.0477"}, {"ruleType": "THRESHOLD", "factor": "russia_ukraine_risk", "factorZh": "俄乌风险指数", "currentValue": 3.0, "threshold": 2.55, "description": "俄乌风险指数当前值3.00，SHAP贡献0.0545"}, {"ruleType": "THRESHOLD", "factor": "middle_east_tension", "factorZh": "中东紧张指数", "currentValue": 2.0, "threshold": 1.7, "description": "中东紧张指数当前值2.00，SHAP贡献0.0785"}]'),
('2024-05-01', 'Medium', 61.62, 'THRESHOLD', 'middle_east_tension', '中东紧张指数', '中东紧张指数触发中等风险预警，风险指数61.62', 'middle_east_tension triggers medium risk alert, risk index 61.62', '[{"ruleType": "ANOMALY", "factor": "vix_index", "factorZh": "VIX恐慌指数", "currentValue": 12.91, "threshold": 10.98, "description": "VIX恐慌指数当前值12.91，SHAP贡献-0.0330"}, {"ruleType": "THRESHOLD", "factor": "russia_ukraine_risk", "factorZh": "俄乌风险指数", "currentValue": 3.0, "threshold": 2.55, "description": "俄乌风险指数当前值3.00，SHAP贡献0.0545"}, {"ruleType": "THRESHOLD", "factor": "middle_east_tension", "factorZh": "中东紧张指数", "currentValue": 2.0, "threshold": 1.7, "description": "中东紧张指数当前值2.00，SHAP贡献0.0785"}]'),
('2024-07-01', 'Medium', 58.54, 'THRESHOLD', 'middle_east_tension', '中东紧张指数', '中东紧张指数触发中等风险预警，风险指数58.54', 'middle_east_tension triggers medium risk alert, risk index 58.54', '[{"ruleType": "THRESHOLD", "factor": "russia_ukraine_risk", "factorZh": "俄乌风险指数", "currentValue": 3.0, "threshold": 2.55, "description": "俄乌风险指数当前值3.00，SHAP贡献0.0545"}, {"ruleType": "THRESHOLD", "factor": "middle_east_tension", "factorZh": "中东紧张指数", "currentValue": 2.0, "threshold": 1.7, "description": "中东紧张指数当前值2.00，SHAP贡献0.0785"}]'),
('2024-08-01', 'High', 72.46, 'THRESHOLD', 'middle_east_tension', '中东紧张指数', '风险指数达72.46，中东紧张指数异常，触发高风险预警', 'Risk index at 72.46, middle_east_tension abnormal, high risk alert triggered', '[{"ruleType": "ANOMALY", "factor": "crude_inventory", "factorZh": "原油库存变化", "currentValue": -10.94, "threshold": -9.3, "description": "原油库存变化当前值-10.94，SHAP贡献0.0399"}, {"ruleType": "THRESHOLD", "factor": "russia_ukraine_risk", "factorZh": "俄乌风险指数", "currentValue": 3.0, "threshold": 2.55, "description": "俄乌风险指数当前值3.00，SHAP贡献0.0545"}, {"ruleType": "THRESHOLD", "factor": "middle_east_tension", "factorZh": "中东紧张指数", "currentValue": 2.0, "threshold": 1.7, "description": "中东紧张指数当前值2.00，SHAP贡献0.0785"}]'),
('2024-09-01', 'High', 65.94, 'THRESHOLD', 'middle_east_tension', '中东紧张指数', '风险指数达65.94，中东紧张指数异常，触发高风险预警', 'Risk index at 65.94, middle_east_tension abnormal, high risk alert triggered', '[{"ruleType": "ANOMALY", "factor": "crude_inventory", "factorZh": "原油库存变化", "currentValue": -16.34, "threshold": -13.89, "description": "原油库存变化当前值-16.34，SHAP贡献0.0593"}, {"ruleType": "THRESHOLD", "factor": "russia_ukraine_risk", "factorZh": "俄乌风险指数", "currentValue": 3.0, "threshold": 2.55, "description": "俄乌风险指数当前值3.00，SHAP贡献0.0545"}, {"ruleType": "THRESHOLD", "factor": "middle_east_tension", "factorZh": "中东紧张指数", "currentValue": 2.0, "threshold": 1.7, "description": "中东紧张指数当前值2.00，SHAP贡献0.0785"}]'),
('2024-10-01', 'High', 81.41, 'THRESHOLD', 'middle_east_tension', '中东紧张指数', '风险指数达81.41，中东紧张指数异常，触发高风险预警', 'Risk index at 81.41, middle_east_tension abnormal, high risk alert triggered', '[{"ruleType": "THRESHOLD", "factor": "russia_ukraine_risk", "factorZh": "俄乌风险指数", "currentValue": 3.0, "threshold": 2.55, "description": "俄乌风险指数当前值3.00，SHAP贡献0.0545"}, {"ruleType": "THRESHOLD", "factor": "middle_east_tension", "factorZh": "中东紧张指数", "currentValue": 2.0, "threshold": 1.7, "description": "中东紧张指数当前值2.00，SHAP贡献0.0785"}]'),
('2024-11-01', 'High', 71.96, 'THRESHOLD', 'middle_east_tension', '中东紧张指数', '风险指数达71.96，中东紧张指数异常，触发高风险预警', 'Risk index at 71.96, middle_east_tension abnormal, high risk alert triggered', '[{"ruleType": "THRESHOLD", "factor": "russia_ukraine_risk", "factorZh": "俄乌风险指数", "currentValue": 3.0, "threshold": 2.55, "description": "俄乌风险指数当前值3.00，SHAP贡献0.0545"}, {"ruleType": "THRESHOLD", "factor": "middle_east_tension", "factorZh": "中东紧张指数", "currentValue": 2.0, "threshold": 1.7, "description": "中东紧张指数当前值2.00，SHAP贡献0.0785"}]'),
('2024-12-01', 'High', 69.60, 'THRESHOLD', 'middle_east_tension', '中东紧张指数', '风险指数达69.6，中东紧张指数异常，触发高风险预警', 'Risk index at 69.6, middle_east_tension abnormal, high risk alert triggered', '[{"ruleType": "THRESHOLD", "factor": "russia_ukraine_risk", "factorZh": "俄乌风险指数", "currentValue": 3.0, "threshold": 2.55, "description": "俄乌风险指数当前值3.00，SHAP贡献0.0545"}, {"ruleType": "THRESHOLD", "factor": "middle_east_tension", "factorZh": "中东紧张指数", "currentValue": 2.0, "threshold": 1.7, "description": "中东紧张指数当前值2.00，SHAP贡献0.0785"}]'),
('2025-01-01', 'Medium', 61.51, 'THRESHOLD', 'middle_east_tension', '中东紧张指数', '中东紧张指数触发中等风险预警，风险指数61.51', 'middle_east_tension triggers medium risk alert, risk index 61.51', '[{"ruleType": "ANOMALY", "factor": "crude_inventory", "factorZh": "原油库存变化", "currentValue": -9.86, "threshold": -8.38, "description": "原油库存变化当前值-9.86，SHAP贡献0.0360"}, {"ruleType": "THRESHOLD", "factor": "russia_ukraine_risk", "factorZh": "俄乌风险指数", "currentValue": 3.0, "threshold": 2.55, "description": "俄乌风险指数当前值3.00，SHAP贡献0.0545"}, {"ruleType": "THRESHOLD", "factor": "middle_east_tension", "factorZh": "中东紧张指数", "currentValue": 2.0, "threshold": 1.7, "description": "中东紧张指数当前值2.00，SHAP贡献0.0785"}]'),
('2025-02-01', 'High', 69.66, 'THRESHOLD', 'middle_east_tension', '中东紧张指数', '风险指数达69.66，中东紧张指数异常，触发高风险预警', 'Risk index at 69.66, middle_east_tension abnormal, high risk alert triggered', '[{"ruleType": "ANOMALY", "factor": "crude_inventory", "factorZh": "原油库存变化", "currentValue": 9.99, "threshold": 8.49, "description": "原油库存变化当前值9.99，SHAP贡献-0.0350"}, {"ruleType": "THRESHOLD", "factor": "russia_ukraine_risk", "factorZh": "俄乌风险指数", "currentValue": 3.0, "threshold": 2.55, "description": "俄乌风险指数当前值3.00，SHAP贡献0.0545"}, {"ruleType": "THRESHOLD", "factor": "middle_east_tension", "factorZh": "中东紧张指数", "currentValue": 2.0, "threshold": 1.7, "description": "中东紧张指数当前值2.00，SHAP贡献0.0785"}]'),
('2025-03-01', 'High', 82.40, 'THRESHOLD', 'middle_east_tension', '中东紧张指数', '风险指数达82.4，中东紧张指数异常，触发高风险预警', 'Risk index at 82.4, middle_east_tension abnormal, high risk alert triggered', '[{"ruleType": "ANOMALY", "factor": "gpr_index", "factorZh": "地缘政治风险指数", "currentValue": 175.44, "threshold": 149.13, "description": "地缘政治风险指数当前值175.44，SHAP贡献0.0580"}, {"ruleType": "THRESHOLD", "factor": "russia_ukraine_risk", "factorZh": "俄乌风险指数", "currentValue": 3.0, "threshold": 2.55, "description": "俄乌风险指数当前值3.00，SHAP贡献0.0545"}, {"ruleType": "THRESHOLD", "factor": "middle_east_tension", "factorZh": "中东紧张指数", "currentValue": 2.0, "threshold": 1.7, "description": "中东紧张指数当前值2.00，SHAP贡献0.0785"}]'),
('2025-04-01', 'High', 90.45, 'ANOMALY', 'vix_index', 'VIX恐慌指数', '风险指数达90.45，VIX恐慌指数异常，触发高风险预警', 'Risk index at 90.45, vix_index abnormal, high risk alert triggered', '[{"ruleType": "ANOMALY", "factor": "vix_index", "factorZh": "VIX恐慌指数", "currentValue": 32.52, "threshold": 27.64, "description": "VIX恐慌指数当前值32.52，SHAP贡献0.0882"}, {"ruleType": "THRESHOLD", "factor": "russia_ukraine_risk", "factorZh": "俄乌风险指数", "currentValue": 3.0, "threshold": 2.55, "description": "俄乌风险指数当前值3.00，SHAP贡献0.0545"}, {"ruleType": "THRESHOLD", "factor": "middle_east_tension", "factorZh": "中东紧张指数", "currentValue": 2.0, "threshold": 1.7, "description": "中东紧张指数当前值2.00，SHAP贡献0.0785"}]'),
('2025-05-01', 'High', 77.69, 'THRESHOLD', 'middle_east_tension', '中东紧张指数', '风险指数达77.69，中东紧张指数异常，触发高风险预警', 'Risk index at 77.69, middle_east_tension abnormal, high risk alert triggered', '[{"ruleType": "ANOMALY", "factor": "gpr_index", "factorZh": "地缘政治风险指数", "currentValue": 165.76, "threshold": 140.9, "description": "地缘政治风险指数当前值165.76，SHAP贡献0.0493"}, {"ruleType": "THRESHOLD", "factor": "russia_ukraine_risk", "factorZh": "俄乌风险指数", "currentValue": 3.0, "threshold": 2.55, "description": "俄乌风险指数当前值3.00，SHAP贡献0.0545"}, {"ruleType": "THRESHOLD", "factor": "middle_east_tension", "factorZh": "中东紧张指数", "currentValue": 2.0, "threshold": 1.7, "description": "中东紧张指数当前值2.00，SHAP贡献0.0785"}]'),
('2025-06-01', 'High', 70.90, 'ANOMALY', 'gpr_index', '地缘政治风险指数', '风险指数达70.9，地缘政治风险指数异常，触发高风险预警', 'Risk index at 70.9, gpr_index abnormal, high risk alert triggered', '[{"ruleType": "ANOMALY", "factor": "gpr_index", "factorZh": "地缘政治风险指数", "currentValue": 222.09, "threshold": 188.77, "description": "地缘政治风险指数当前值222.09，SHAP贡献0.1000"}, {"ruleType": "THRESHOLD", "factor": "russia_ukraine_risk", "factorZh": "俄乌风险指数", "currentValue": 3.0, "threshold": 2.55, "description": "俄乌风险指数当前值3.00，SHAP贡献0.0545"}, {"ruleType": "THRESHOLD", "factor": "middle_east_tension", "factorZh": "中东紧张指数", "currentValue": 2.0, "threshold": 1.7, "description": "中东紧张指数当前值2.00，SHAP贡献0.0785"}]'),
('2025-07-01', 'High', 68.83, 'THRESHOLD', 'middle_east_tension', '中东紧张指数', '风险指数达68.83，中东紧张指数异常，触发高风险预警', 'Risk index at 68.83, middle_east_tension abnormal, high risk alert triggered', '[{"ruleType": "THRESHOLD", "factor": "russia_ukraine_risk", "factorZh": "俄乌风险指数", "currentValue": 3.0, "threshold": 2.55, "description": "俄乌风险指数当前值3.00，SHAP贡献0.0545"}, {"ruleType": "THRESHOLD", "factor": "middle_east_tension", "factorZh": "中东紧张指数", "currentValue": 2.0, "threshold": 1.7, "description": "中东紧张指数当前值2.00，SHAP贡献0.0785"}]'),
('2025-08-01', 'High', 71.48, 'THRESHOLD', 'middle_east_tension', '中东紧张指数', '风险指数达71.48，中东紧张指数异常，触发高风险预警', 'Risk index at 71.48, middle_east_tension abnormal, high risk alert triggered', '[{"ruleType": "THRESHOLD", "factor": "russia_ukraine_risk", "factorZh": "俄乌风险指数", "currentValue": 3.0, "threshold": 2.55, "description": "俄乌风险指数当前值3.00，SHAP贡献0.0545"}, {"ruleType": "THRESHOLD", "factor": "middle_east_tension", "factorZh": "中东紧张指数", "currentValue": 2.0, "threshold": 1.7, "description": "中东紧张指数当前值2.00，SHAP贡献0.0785"}]'),
('2025-09-01', 'Medium', 64.28, 'THRESHOLD', 'middle_east_tension', '中东紧张指数', '中东紧张指数触发中等风险预警，风险指数64.28', 'middle_east_tension triggers medium risk alert, risk index 64.28', '[{"ruleType": "THRESHOLD", "factor": "russia_ukraine_risk", "factorZh": "俄乌风险指数", "currentValue": 3.0, "threshold": 2.55, "description": "俄乌风险指数当前值3.00，SHAP贡献0.0545"}, {"ruleType": "THRESHOLD", "factor": "middle_east_tension", "factorZh": "中东紧张指数", "currentValue": 2.0, "threshold": 1.7, "description": "中东紧张指数当前值2.00，SHAP贡献0.0785"}]'),
('2025-10-01', 'High', 67.01, 'THRESHOLD', 'middle_east_tension', '中东紧张指数', '风险指数达67.01，中东紧张指数异常，触发高风险预警', 'Risk index at 67.01, middle_east_tension abnormal, high risk alert triggered', '[{"ruleType": "ANOMALY", "factor": "gpr_index", "factorZh": "地缘政治风险指数", "currentValue": 154.43, "threshold": 131.26, "description": "地缘政治风险指数当前值154.43，SHAP贡献0.0392"}, {"ruleType": "THRESHOLD", "factor": "russia_ukraine_risk", "factorZh": "俄乌风险指数", "currentValue": 3.0, "threshold": 2.55, "description": "俄乌风险指数当前值3.00，SHAP贡献0.0545"}, {"ruleType": "THRESHOLD", "factor": "middle_east_tension", "factorZh": "中东紧张指数", "currentValue": 2.0, "threshold": 1.7, "description": "中东紧张指数当前值2.00，SHAP贡献0.0785"}]'),
('2025-11-01', 'High', 67.67, 'THRESHOLD', 'middle_east_tension', '中东紧张指数', '风险指数达67.67，中东紧张指数异常，触发高风险预警', 'Risk index at 67.67, middle_east_tension abnormal, high risk alert triggered', '[{"ruleType": "THRESHOLD", "factor": "russia_ukraine_risk", "factorZh": "俄乌风险指数", "currentValue": 3.0, "threshold": 2.55, "description": "俄乌风险指数当前值3.00，SHAP贡献0.0545"}, {"ruleType": "THRESHOLD", "factor": "middle_east_tension", "factorZh": "中东紧张指数", "currentValue": 2.0, "threshold": 1.7, "description": "中东紧张指数当前值2.00，SHAP贡献0.0785"}, {"ruleType": "TREND", "factor": "news_sentiment", "factorZh": "新闻情绪指数", "currentValue": 0.14, "threshold": 0.12, "description": "新闻情绪指数当前值0.14，SHAP贡献-0.0331"}]'),
('2025-12-01', 'Medium', 60.64, 'THRESHOLD', 'middle_east_tension', '中东紧张指数', '中东紧张指数触发中等风险预警，风险指数60.64', 'middle_east_tension triggers medium risk alert, risk index 60.64', '[{"ruleType": "THRESHOLD", "factor": "russia_ukraine_risk", "factorZh": "俄乌风险指数", "currentValue": 3.0, "threshold": 2.55, "description": "俄乌风险指数当前值3.00，SHAP贡献0.0545"}, {"ruleType": "THRESHOLD", "factor": "middle_east_tension", "factorZh": "中东紧张指数", "currentValue": 2.0, "threshold": 1.7, "description": "中东紧张指数当前值2.00，SHAP贡献0.0785"}, {"ruleType": "THRESHOLD", "factor": "news_sentiment", "factorZh": "新闻情绪指数", "currentValue": 0.15, "threshold": 0.13, "description": "新闻情绪指数当前值0.15，SHAP贡献-0.0367"}]');

